USE Ban_Giay_Dep;

INSERT INTO categories VALUES (N'CA200', N'Adidas');
INSERT INTO categories VALUES (N'CA201', N'MLB');
INSERT INTO categories VALUES (N'CA202', N'mcqueen');
INSERT INTO categories VALUES (N'CA203', N'new_balance');
INSERT INTO categories VALUES (N'CA204', N'Nike');
INSERT INTO products VALUES (N'PR400', N'Adidas Ultra Boost 21 Core Black / Screaming Green', N'https://giaygiare.vn/upload/sanpham/thumbs/adidas-ultra-boost-21-core-black-screaming-green.jpg', 1560000, 1300000, 100, 1, N'CA200');
INSERT INTO products VALUES (N'PR401', N'Adidas Ultra Boost 22 Made Nature White Beige', N'https://giaygiare.vn/upload/sanpham/thumbs/adidas-ultra-boost-22-made-nature-white-beige.jpg', 1700000, 1400000, 100, 1, N'CA200');
INSERT INTO products VALUES (N'PR402', N'Adidas Ultra Boost 22 Cloud White / Mint Rush', N'https://giaygiare.vn/upload/sanpham/thumbs/adidas-ultra-boost-22-cloud-white-mint-rush.jpg', 1700000, 1400000, 100, 1, N'CA200');
INSERT INTO products VALUES (N'PR403', N'Adidas Ultra Boost 22 Core Black / Flash Orange', N'https://giaygiare.vn/upload/sanpham/thumbs/adidas-ultra-boost-22-core-black-flash-orange.jpg', 1700000, 1400000, 100, 1, N'CA200');
INSERT INTO products VALUES (N'PR404', N'Adidas Ultra Boost 22 Crystal White / Legacy Indigo', N'https://giaygiare.vn/upload/sanpham/thumbs/adidas-ultra-boost-22-crystal-white-legacy-indigo.jpg', 1700000, 1400000, 100, 1, N'CA200');
INSERT INTO products VALUES (N'PR405', N'Adidas Ultra Boost 22 Cloud White / Flash Orange', N'https://giaygiare.vn/upload/sanpham/thumbs/adidas-ultra-boost-22-cloud-white-flash-orange.jpg', 1700000, 1400000, 100, 1, N'CA200');
INSERT INTO products VALUES (N'PR406', N'Adidas Ultra Boost 22 Magic Mauve / Legacy Purple', N'https://giaygiare.vn/upload/sanpham/thumbs/adidas-ultra-boost-22-magic-mauve-legacy-purple.jpg', 1700000, 1400000, 100, 1, N'CA200');
INSERT INTO products VALUES (N'PR407', N'Adidas Ultra Boost 22 Core Black / Magic Gray', N'https://giaygiare.vn/upload/sanpham/thumbs/adidas-ultra-boost-22-core-black-magic-gray.jpg', 1700000, 1400000, 100, 1, N'CA200');
INSERT INTO products VALUES (N'PR408', N'Adidas Ultra Boost 22 Core Black', N'https://giaygiare.vn/upload/sanpham/thumbs/adidas-ultra-boost-22-core-black.jpg', 1700000, 1400000, 100, 1, N'CA200');
INSERT INTO products VALUES (N'PR409', N'Adidas Ultra Boost 22 Legacy Indigo / Blue Rush', N'https://giaygiare.vn/upload/sanpham/thumbs/adidas-ultra-boost-22-legacy-indigo-blue-rush.jpg', 1700000, 1400000, 100, 1, N'CA200');
INSERT INTO products VALUES (N'PR410', N'Adidas Ultra Boost 21 Core Black / Screaming Orange', N'https://giaygiare.vn/upload/sanpham/thumbs/adidas-ultra-boost-21-core-black-screaming-orange.jpg', 1560000, 1300000, 100, 1, N'CA200');
INSERT INTO products VALUES (N'PR411', N'Adidas Ultra Boost 21 All Black / Triple Black', N'https://giaygiare.vn/upload/sanpham/thumbs/adidas-ultra-boost-21-all-black-triple-black.jpg', 1560000, 1300000, 100, 1, N'CA200');
INSERT INTO products VALUES (N'PR412', N'Adidas Ultra Boost 21 All White / Triple White', N'https://giaygiare.vn/upload/sanpham/thumbs/adidas-ultra-boost-21-all-white-triple-white.jpg', 1560000, 1300000, 100, 1, N'CA200');
INSERT INTO products VALUES (N'PR413', N'Adidas Ultra Boost 21 White Grey / Dark Blue Yellow', N'https://giaygiare.vn/upload/sanpham/thumbs/adidas-ultra-boost-21-white-grey-dark-blue-yellow.jpg', 1560000, 1300000, 100, 1, N'CA200');
INSERT INTO products VALUES (N'PR414', N'Adidas Ultra Boost 21 Core Black / Solar Yellow', N'https://giaygiare.vn/upload/sanpham/thumbs/adidas-ultra-boost-21-core-black-solar-yellow.jpg', 1560000, 1300000, 100, 1, N'CA200');
INSERT INTO products VALUES (N'PR415', N'Adidas Yeezy 700 Bright Blue', N'https://giaygiare.vn/upload/sanpham/thumbs/adidas-yeezy-700-bright-blue.jpg', 2400000, 1700000, 100, 1, N'CA200');
INSERT INTO products VALUES (N'PR416', N'Adidas Yeezy 700 Ultility Black', N'https://giaygiare.vn/upload/sanpham/thumbs/adidas-yeezy-700-ultility-black.jpg', 2400000, 1700000, 100, 1, N'CA200');
INSERT INTO products VALUES (N'PR417', N'Adidas Yeezy 350 V2 ''Cinder'' Reflective', N'https://giaygiare.vn/upload/sanpham/thumbs/adidas-yeezy-350-v2-cinder-reflective.jpg', 1320000, 1100000, 100, 1, N'CA200');
INSERT INTO products VALUES (N'PR418', N'Adidas Yeezy 700 Teal Blue', N'https://giaygiare.vn/upload/sanpham/thumbs/adidas-yeezy-700-teal-blue.jpg', 2400000, 1700000, 100, 1, N'CA200');
INSERT INTO products VALUES (N'PR419', N'Adidas Yeezy 700 Enflame Amber', N'https://giaygiare.vn/upload/sanpham/thumbs/adidas-yeezy-700-enflame-amber.jpg', 2400000, 1700000, 100, 1, N'CA200');
INSERT INTO products VALUES (N'PR420', N'Adidas Yeezy 700 V3 Dark Glow', N'https://giaygiare.vn/upload/sanpham/thumbs/adidas-yeezy-700-v3-dark-glow.jpg', 2200000, 1800000, 100, 1, N'CA200');
INSERT INTO products VALUES (N'PR421', N'Adidas Yeezy 700 University Blue', N'https://giaygiare.vn/upload/sanpham/thumbs/adidas-yeezy-700-university-blue.jpg', 2400000, 1700000, 100, 1, N'CA200');
INSERT INTO products VALUES (N'PR422', N'Yeezy Foam Runner Moon Grey', N'https://giaygiare.vn/upload/sanpham/thumbs/yeezy-foam-runner-moon-grey.jpg', 2100000, 1600000, 100, 1, N'CA200');
INSERT INTO products VALUES (N'PR423', N'Yeezy Foam Runner Ararat', N'https://giaygiare.vn/upload/sanpham/thumbs/yeezy-foam-runner-ararat.jpg', 2100000, 1600000, 100, 1, N'CA200');
INSERT INTO products VALUES (N'PR424', N'Yeezy Foam Runner Onyx', N'https://giaygiare.vn/upload/sanpham/thumbs/yeezy-foam-runner-full-black.jpg', 2100000, 1600000, 100, 1, N'CA200');
INSERT INTO products VALUES (N'PR425', N'Adidas Yeezy Boost 700 ''Hi-Res Red''', N'https://giaygiare.vn/upload/sanpham/thumbs/adidas-yeezy-boost-700-hi-res-red.jpg', 2400000, 2000000, 100, 1, N'CA200');
INSERT INTO products VALUES (N'PR426', N'Adidas Adilette 22 Slides ''Black Grey''', N'https://giaygiare.vn/upload/sanpham/thumbs/adidas-adilette-22-slides-black-grey.jpg', 900000, 700000, 100, 1, N'CA200');
INSERT INTO products VALUES (N'PR427', N'Adidas Adilette 22 Slides ''Black''', N'https://giaygiare.vn/upload/sanpham/thumbs/adidas-adilette-22-slides-black.jpg', 900000, 700000, 100, 1, N'CA200');
INSERT INTO products VALUES (N'PR428', N'Adidas Adilette 22 Slides ''Grey''', N'https://giaygiare.vn/upload/sanpham/thumbs/adidas-adilette-22-slide-grey.jpg', 900000, 700000, 100, 1, N'CA200');
INSERT INTO products VALUES (N'PR429', N'Adidas Adilette 22 Slides ''St Desert Sand''', N'https://giaygiare.vn/upload/sanpham/thumbs/adidas-adilette-22-slide-st-desert-sand.jpg', 900000, 700000, 100, 1, N'CA200');
INSERT INTO products VALUES (N'PR430', N'Adidas Equipment Plus White Cream Coffee', N'https://giaygiare.vn/upload/sanpham/thumbs/adidas-equipment-plus-white-cream-coffee.jpg', 1950000, 1300000, 100, 1, N'CA200');
INSERT INTO products VALUES (N'PR431', N'Adidas Equipment Plus White Cream Blue', N'https://giaygiare.vn/upload/sanpham/thumbs/adidas-equipment-plus-white-cream-blue.jpg', 1950000, 1300000, 100, 1, N'CA200');
INSERT INTO products VALUES (N'PR432', N'Adidas Equipment Plus White Green Orange', N'https://giaygiare.vn/upload/sanpham/thumbs/adidas-equipment-plus-white-green-orange.jpg', 1700000, 1300000, 100, 1, N'CA200');
INSERT INTO products VALUES (N'PR433', N'Adidas Equipment Plus Full Black', N'https://giaygiare.vn/upload/sanpham/thumbs/adidas-equipment-plus-full-black.jpg', 1700000, 1300000, 100, 1, N'CA200');
INSERT INTO products VALUES (N'PR434', N'Adidas Equipment Plus White Cloud Pink', N'https://giaygiare.vn/upload/sanpham/thumbs/adidas-equipment-plus-white-cloud-pink.jpg', 1700000, 1300000, 100, 1, N'CA200');
INSERT INTO products VALUES (N'PR435', N'Adidas Equipment Plus White Gold Pink', N'https://giaygiare.vn/upload/sanpham/thumbs/adidas-equipment-plus-white-gold-pink.jpg', 1700000, 1300000, 100, 1, N'CA200');
INSERT INTO products VALUES (N'PR436', N'Adidas Equipment Plus White Turquoise Black', N'https://giaygiare.vn/upload/sanpham/thumbs/adidas-equipment-plus-white-turquoise-black.jpg', 1700000, 1300000, 100, 1, N'CA200');
INSERT INTO products VALUES (N'PR437', N'Adidas Equipment Plus White Navy Orange', N'https://giaygiare.vn/upload/sanpham/thumbs/adidas-equipment-plus-white-navy-orange.jpg', 1700000, 1300000, 100, 1, N'CA200');
INSERT INTO products VALUES (N'PR438', N'Adidas ZX5K Boost All Black', N'https://giaygiare.vn/upload/sanpham/thumbs/adidas-zx5k-boost-all-black.jpg', 1550000, 1300000, 100, 1, N'CA200');
INSERT INTO products VALUES (N'PR439', N'Adidas ZX5K Boost Black Green Ninja', N'https://giaygiare.vn/upload/sanpham/thumbs/adidas-zx5k-boost-black-green-ninja.jpg', 1550000, 1300000, 100, 1, N'CA200');
INSERT INTO products VALUES (N'PR440', N'Adidas ZX5K Boost Dark Grey Blue Pink', N'https://giaygiare.vn/upload/sanpham/thumbs/adidas-zx5k-boost-dark-grey-blue-pink.jpg', 1550000, 1300000, 100, 1, N'CA200');
INSERT INTO products VALUES (N'PR441', N'Adidas ZX5K Boost Cream Grey Yellow', N'https://giaygiare.vn/upload/sanpham/thumbs/adidas-zx5k-boost-cream-grey-yellow.jpg', 1550000, 1300000, 100, 1, N'CA200');
INSERT INTO products VALUES (N'PR442', N'Adidas ZX5K Boost Cream Core Black Orange', N'https://giaygiare.vn/upload/sanpham/thumbs/adidas-zx5k-boost-cream-core-black-orange.jpg', 1550000, 1300000, 100, 1, N'CA200');
INSERT INTO products VALUES (N'PR443', N'Adidas ZX 2K Boost 2.0 Time In Ninja', N'https://giaygiare.vn/upload/sanpham/thumbs/adidas-zx-2k-boost-2-0-time-in-ninja.jpg', 1600000, 1200000, 100, 1, N'CA200');
INSERT INTO products VALUES (N'PR444', N'Adidas ZX 2K Boost 2.0 Halo Mint', N'https://giaygiare.vn/upload/sanpham/thumbs/adidas-zx-2k-boost-2-0-halo-mint.jpg', 1600000, 1200000, 100, 1, N'CA200');
INSERT INTO products VALUES (N'PR445', N'Adidas ZX 2K Boost 2.0 Cloud White Clear Pink', N'https://giaygiare.vn/upload/sanpham/thumbs/adidas-zx-2k-boost-2-0-cloud-white-clear-pink.jpg', 1600000, 1200000, 100, 1, N'CA200');
INSERT INTO products VALUES (N'PR446', N'Adidas ZX 2K Boost 2.0 Black Gold Metallic', N'https://giaygiare.vn/upload/sanpham/thumbs/adidas-zx-2k-boost-2-0-black-gold-metallic.jpg', 1600000, 1200000, 100, 1, N'CA200');
INSERT INTO products VALUES (N'PR447', N'Adidas ZX 2K Boost 2.0 Core Black', N'https://giaygiare.vn/upload/sanpham/thumbs/adidas-zx-2k-boost-2-0-core-black.jpg', 1600000, 1100000, 100, 1, N'CA200');
INSERT INTO products VALUES (N'PR448', N'Adidas ZX 2K Boost 2.0 Black Solar Red', N'https://giaygiare.vn/upload/sanpham/thumbs/adidas-zx-2k-boost-2-0-black-solar-red.jpg', 1600000, 1100000, 100, 1, N'CA200');
INSERT INTO products VALUES (N'PR449', N'Adidas ZX 2K Boost Clear Grey Core Black Granite', N'https://giaygiare.vn/upload/sanpham/thumbs/adidas-zx-2k-boost-clear-grey-core-black-granite.jpg', 1600000, 1100000, 100, 1, N'CA200');
INSERT INTO products VALUES (N'PR450', N'Adidas ZX 2K Boost White Cream Brown Navy', N'https://giaygiare.vn/upload/sanpham/thumbs/adidas-zx-2k-boost-white-cream-brown-navy.jpg', 1600000, 1100000, 100, 1, N'CA200');
INSERT INTO products VALUES (N'PR451', N'Adidas ZX 2K Boost Grey Two Signal Cyan', N'https://giaygiare.vn/upload/sanpham/thumbs/adidas-zx-2k-boost-grey-two-signal-cyan.jpg', 1600000, 1100000, 100, 1, N'CA200');
INSERT INTO products VALUES (N'PR452', N'Adidas ZX 2K Boost White Solar Red Blue', N'https://giaygiare.vn/upload/sanpham/thumbs/adidas-zx-2k-boost-white-solar-red-blue.jpg', 1600000, 1100000, 100, 1, N'CA200');
INSERT INTO products VALUES (N'PR453', N'Adidas ZX 2K Boost Cloud White Supplier Colour', N'https://giaygiare.vn/upload/sanpham/thumbs/adidas-zx-2k-boost-cloud-white-supplier-colour.jpg', 1600000, 1400000, 100, 1, N'CA200');
INSERT INTO products VALUES (N'PR454', N'Adidas ZX 2K Boost Cloud White Pink Tint', N'https://giaygiare.vn/upload/sanpham/thumbs/adidas-zx-2k-boost-cloud-white-pink-tint.jpg', 1600000, 1400000, 100, 1, N'CA200');
INSERT INTO products VALUES (N'PR455', N'Adidas ZX 2K Boost Cloud White Pink Purple', N'https://giaygiare.vn/upload/sanpham/thumbs/adidas-zx-2k-boost-cloud-white-pink-purple.jpg', 1600000, 1100000, 100, 1, N'CA200');
INSERT INTO products VALUES (N'PR456', N'Adidas ZX 2K Boost White Solar Gold', N'https://giaygiare.vn/upload/sanpham/thumbs/adidas-zx-2k-boost-white-solar-gold.jpg', 1600000, 1100000, 100, 1, N'CA200');
INSERT INTO products VALUES (N'PR457', N'Adidas ZX 2K Boost Crew Blue Yellow Core Black', N'https://giaygiare.vn/upload/sanpham/thumbs/adidas-zx-2k-boost-crew-blue-yellow-core-black.jpg', 1600000, 1100000, 100, 1, N'CA200');
INSERT INTO products VALUES (N'PR458', N'Adidas Alphabounce Instinct M White Red Blue', N'https://giaygiare.vn/upload/sanpham/thumbs/adidas-alphabounce-instinct-m-white-red-blue-1-1.jpg', 1320000, 1000000, 100, 1, N'CA200');
INSERT INTO products VALUES (N'PR459', N'Adidas Alphabounce Instinct M Core Black', N'https://giaygiare.vn/upload/sanpham/thumbs/adidas-alphabounce-instinct-m-core-black-1-1.jpg', 1320000, 1000000, 100, 1, N'CA200');
INSERT INTO products VALUES (N'PR460', N'Adidas Alphabounce Instinct M Orange Blue', N'https://giaygiare.vn/upload/sanpham/thumbs/adidas-alphabounce-instinct-m-orange-blue-1-1.jpg', 1320000, 1000000, 100, 1, N'CA200');
INSERT INTO products VALUES (N'PR461', N'Adidas Alphabounce Instinct M Full Black', N'https://giaygiare.vn/upload/sanpham/thumbs/adidas-alphabounce-instinct-m-full-black-1-1.jpg', 1320000, 1000000, 100, 1, N'CA200');
INSERT INTO products VALUES (N'PR462', N'Adidas Alphabounce Instinct M Grey Silver', N'https://giaygiare.vn/upload/sanpham/thumbs/adidas-alphabounce-instinct-m-grey-silver.jpg', 1320000, 1000000, 100, 1, N'CA200');
INSERT INTO products VALUES (N'PR463', N'Adidas Alphabounce Instinct M Turquoise', N'https://giaygiare.vn/upload/sanpham/thumbs/adidas-alphabounce-instinct-m-turquoise.jpg', 1320000, 1000000, 100, 1, N'CA200');
INSERT INTO products VALUES (N'PR464', N'Adidas Alphabounce Instinct M Grey Red', N'https://giaygiare.vn/upload/sanpham/thumbs/adidas-alphabounce-instinct-m-grey-red-1-1.jpg', 1320000, 1000000, 100, 1, N'CA200');
INSERT INTO products VALUES (N'PR465', N'Adidas Alphabounce Instinct Greyish Nam Nữ', N'https://giaygiare.vn/upload/sanpham/thumbs/adidas-alphabounce-instinct-greyish-nam-nu.jpg', 1800000, 1300000, 100, 1, N'CA200');
INSERT INTO products VALUES (N'PR466', N'Adidas Alphabounce Beyond Đen Full 2019 Nam', N'https://giaygiare.vn/upload/sanpham/thumbs/adidas-alphabounce-beyond-den-full-2019-nam.jpg', 2000000, 1400000, 100, 1, N'CA200');
INSERT INTO products VALUES (N'PR467', N'Adidas Alphabounce Beyond Xám 2019 Nam', N'https://giaygiare.vn/upload/sanpham/thumbs/adidas-alphabounce-beyond-xam-2019-nam.jpg', 2000000, 1400000, 100, 1, N'CA200');
INSERT INTO products VALUES (N'PR468', N'Adidas Alphabounce Beyond Xanh Dương 2019 Nam, Nữ', N'https://giaygiare.vn/upload/sanpham/thumbs/adidas-alphabounce-beyond-xanh-duong-2019-nam-nu.jpg', 2000000, 1400000, 100, 1, N'CA200');
INSERT INTO products VALUES (N'PR469', N'Adidas Alphabounce Beyond Trắng Full 2019 Nam, Nữ', N'https://giaygiare.vn/upload/sanpham/thumbs/adidas-alphabounce-beyond-trang-full-2019-nam-nu.jpg', 2000000, 1400000, 100, 1, N'CA200');
INSERT INTO products VALUES (N'PR470', N'Adidas Alphabounce Beyond Đen Đế Trắng 2019 Nam', N'https://giaygiare.vn/upload/sanpham/thumbs/adidas-alphabounce-beyond-den-de-trang-2019-nam.jpg', 2000000, 1400000, 100, 1, N'CA200');
INSERT INTO products VALUES (N'PR471', N'Adidas Alphabounce Instinct Xám Bạc', N'https://giaygiare.vn/upload/sanpham/thumbs/adidas-alphabounce-instinct-xam-bac.jpg', 1800000, 1300000, 100, 1, N'CA200');
INSERT INTO products VALUES (N'PR472', N'Adidas Alphabounce Instinct Đen Đế Đỏ', N'https://giaygiare.vn/upload/sanpham/thumbs/adidas-alphabounce-instinct-den-de-do.jpg', 1800000, 1300000, 100, 1, N'CA200');
INSERT INTO products VALUES (N'PR473', N'Adidas X9000L4 Grey Six / Acid Mint', N'https://giaygiare.vn/upload/sanpham/thumbs/adidas-x9000l4-grey-six-acid-mint.jpg', 2000000, 1200000, 100, 1, N'CA200');
INSERT INTO products VALUES (N'PR474', N'Adidas X9000L4 Core Black', N'https://giaygiare.vn/upload/sanpham/thumbs/adidas-x9000l4-core-black.jpg', 2000000, 1200000, 100, 1, N'CA200');
INSERT INTO products VALUES (N'PR475', N'Adidas X9000L4 Cloud White / Light Pink', N'https://giaygiare.vn/upload/sanpham/thumbs/adidas-x9000l4-cloud-white-light-pink.jpg', 2000000, 1200000, 100, 1, N'CA200');
INSERT INTO products VALUES (N'PR476', N'Adidas X9000L4 Grey Volt', N'https://giaygiare.vn/upload/sanpham/thumbs/adidas-x9000l4-grey-volt.jpg', 2000000, 1600000, 100, 1, N'CA200');
INSERT INTO products VALUES (N'PR477', N'Adidas X9000L4 Pink Orange', N'https://giaygiare.vn/upload/sanpham/thumbs/adidas-x9000l4-pink-orange.jpg', 2000000, 1600000, 100, 1, N'CA200');
INSERT INTO products VALUES (N'PR478', N'Adidas X9000L4 Triple White', N'https://giaygiare.vn/upload/sanpham/thumbs/adidas-x9000l4-triple-white.jpg', 2000000, 1600000, 100, 1, N'CA200');
INSERT INTO products VALUES (N'PR479', N'Adidas X9000L4 Grey Two / Night Metallic', N'https://giaygiare.vn/upload/sanpham/thumbs/adidas-x9000l4-grey-two-night-metallic.jpg', 2000000, 1600000, 100, 1, N'CA200');
INSERT INTO products VALUES (N'PR480', N'Adidas X9000L4 Core Black / Signal Orange', N'https://giaygiare.vn/upload/sanpham/thumbs/adidas-x9000l4-core-black-signal-orange.jpg', 2000000, 1600000, 100, 1, N'CA200');
INSERT INTO products VALUES (N'PR481', N'Stan Smith đen nam, nữ', N'https://giaygiare.vn/upload/sanpham/thumbs/stan-smith-den-nam-nu.jpg', 780000, 650000, 100, 1, N'CA200');
INSERT INTO products VALUES (N'PR482', N'Stan Smith đen xanh navy', N'https://giaygiare.vn/upload/sanpham/thumbs/stan-smith-duoi-den.jpg', 780000, 650000, 100, 1, N'CA200');
INSERT INTO products VALUES (N'PR483', N'Stan Smith xanh lá nam, nữ', N'https://giaygiare.vn/upload/sanpham/thumbs/stan-smith-xanh-la.jpg', 780000, 650000, 100, 1, N'CA200');
INSERT INTO products VALUES (N'PR484', N'Stan Smith cầu vồng - Hologram', N'https://giaygiare.vn/upload/sanpham/thumbs/stan-smith-cau-vong.jpg', 780000, 650000, 100, 1, N'CA200');
INSERT INTO products VALUES (N'PR485', N'Stan smith trắng full nam, nữ', N'https://giaygiare.vn/upload/sanpham/thumbs/stan-smith-trang-full.jpg', 780000, 650000, 100, 1, N'CA200');
INSERT INTO products VALUES (N'PR486', N'Stan Smith bạc nam nữ', N'https://giaygiare.vn/upload/sanpham/thumbs/stan-smith-bac-nam-nu.jpg', 780000, 400000, 100, 1, N'CA200');
INSERT INTO products VALUES (N'PR487', N'Stan Smith đuôi hồng nữ', N'https://giaygiare.vn/upload/sanpham/thumbs/stan-smith-duoi-hong-nu.jpg', 780000, 650000, 100, 1, N'CA200');
INSERT INTO products VALUES (N'PR488', N'Stan Smith Pride - nhiều màu nam, nữ', N'https://giaygiare.vn/upload/sanpham/thumbs/stan-smith-pride-nhieu-mau-nam-nu.jpg', 780000, 650000, 100, 1, N'CA200');
INSERT INTO products VALUES (N'PR489', N'STAN SMITH RIO NAM, NỮ', N'https://giaygiare.vn/upload/sanpham/thumbs/stan-smith-rio-nam-nu.jpg', 780000, 650000, 100, 1, N'CA200');
INSERT INTO products VALUES (N'PR490', N'Stan Smith đuôi hoa nữ', N'https://giaygiare.vn/upload/sanpham/thumbs/stan-smith-duoi-hoa-nu.jpg', 480000, 400000, 100, 1, N'CA200');
INSERT INTO products VALUES (N'PR491', N'Adidas Prophere Orange Brown Nữ', N'https://giaygiare.vn/upload/sanpham/thumbs/adidas-prophere-orange-brown-nu.jpg', 1200000, 900000, 100, 1, N'CA200');
INSERT INTO products VALUES (N'PR492', N'Adidas Prophere Xám Cam Nam Nữ', N'https://giaygiare.vn/upload/sanpham/thumbs/adidas-prophere-xam-cam-nam-nu.jpg', 1200000, 900000, 100, 1, N'CA200');
INSERT INTO products VALUES (N'PR493', N'Adidas Prophere Rêu Cam Nam, Nữ', N'https://giaygiare.vn/upload/sanpham/thumbs/adidas-prophere-reu-cam-nam-nu.jpg', 1200000, 900000, 100, 1, N'CA200');
INSERT INTO products VALUES (N'PR494', N'Adidas Prophere Đen Cam Nam, Nữ', N'https://giaygiare.vn/upload/sanpham/thumbs/adidas-prophere-den-cam-nam-nu.jpg', 1200000, 900000, 100, 1, N'CA200');
INSERT INTO products VALUES (N'PR495', N'Adidas Prophere Đỏ Đô Nam, Nữ', N'https://giaygiare.vn/upload/sanpham/thumbs/adidas-prophere-do-do-nam-nu.jpg', 1200000, 900000, 100, 1, N'CA200');
INSERT INTO products VALUES (N'PR496', N'Adidas Prophere Xanh Dương Nam, Nữ', N'https://giaygiare.vn/upload/sanpham/thumbs/adidas-prophere-xanh-duong.jpg', 1200000, 900000, 100, 1, N'CA200');
INSERT INTO products VALUES (N'PR497', N'Adidas Prophere Đen Vàng Nam, Nữ', N'https://giaygiare.vn/upload/sanpham/thumbs/adidas-prophere-den-vang-nam-nu.jpg', 1200000, 900000, 100, 1, N'CA200');
INSERT INTO products VALUES (N'PR498', N'Adidas Prophere Đen Full Nam, Nữ', N'https://giaygiare.vn/upload/sanpham/thumbs/adidas-prophere-den-full-nam-nu.jpg', 1200000, 900000, 100, 1, N'CA200');
INSERT INTO products VALUES (N'PR499', N'Adidas Prophere Oreo Pack Nam, Nữ', N'https://giaygiare.vn/upload/sanpham/thumbs/adidas-prophere-den-trang-de-den-nam.jpg', 1200000, 450000, 100, 1, N'CA200');
INSERT INTO products VALUES (N'PR500', N'Adidas Prophere Trắng Hồng Nam, Nữ', N'https://giaygiare.vn/upload/sanpham/thumbs/adidas-prophere-trang-nam-nu.jpg', 1200000, 900000, 100, 1, N'CA200');
INSERT INTO products VALUES (N'PR501', N'Adidas Prophere Đen Trắng Nam, Nữ', N'https://giaygiare.vn/upload/sanpham/thumbs/adidas-prophere-den-nam-nu.jpg', 1200000, 900000, 100, 1, N'CA200');
INSERT INTO products VALUES (N'PR502', N'Adidas Prophere Trắng Full Nam, Nữ', N'https://giaygiare.vn/upload/sanpham/thumbs/adidas-prophere-trang-full-nam-nu.jpg', 1200000, 900000, 100, 1, N'CA200');
INSERT INTO products VALUES (N'PR503', N'Adidas Prophere Xanh Ngọc Nữ', N'https://giaygiare.vn/upload/sanpham/thumbs/adidas-prophere-xanh-ngoc-nu.jpg', 1200000, 900000, 100, 1, N'CA200');
INSERT INTO products VALUES (N'PR504', N'Adidas Prophere Vapour Grey Nam Nữ', N'https://giaygiare.vn/upload/sanpham/thumbs/adidas-prophere-vapour-grey-nam-nu.jpg', 1200000, 900000, 100, 1, N'CA200');
INSERT INTO products VALUES (N'PR505', N'Adidas Prophere Xanh Ngọc - Clear Mint Nữ', N'https://giaygiare.vn/upload/sanpham/thumbs/adidas-prophere-xanh-ngoc-clear-mint-nu.jpg', 1200000, 900000, 100, 1, N'CA200');
INSERT INTO products VALUES (N'PR506', N'Adidas Superstar Charm Trắng Đen Dây Xích', N'https://giaygiare.vn/upload/sanpham/thumbs/adidas-superstar-charm-trang-den-day-xich.jpg', 1200000, 900000, 100, 1, N'CA200');
INSERT INTO products VALUES (N'PR507', N'Adidas Superstar Charm Trắng Mint Dây Xích', N'https://giaygiare.vn/upload/sanpham/thumbs/adidas-superstar-charm-trang-mint-day-xich.jpg', 1200000, 900000, 100, 1, N'CA200');
INSERT INTO products VALUES (N'PR508', N'Adidas Superstar Charm Trắng Xích Vàng', N'https://giaygiare.vn/upload/sanpham/thumbs/adidas-superstar-charm-trang-xich-vang.jpg', 1200000, 900000, 100, 1, N'CA200');
INSERT INTO products VALUES (N'PR509', N'Adidas Superstar Cappuccino White', N'https://giaygiare.vn/upload/sanpham/thumbs/adidas-superstar-cappuccino-white.jpg', 1000000, 800000, 100, 1, N'CA200');
INSERT INTO products VALUES (N'PR510', N'Adidas Superstar Trắng Gót Xanh Lá Nam Nữ 1:1', N'https://giaygiare.vn/upload/sanpham/thumbs/adidas-superstar-trang-got-xanh-la-nam-nu-1-1.jpg', 1680000, 900000, 100, 1, N'CA200');
INSERT INTO products VALUES (N'PR511', N'Adidas Super Star Cappuccino Pink', N'https://giaygiare.vn/upload/sanpham/thumbs/adidas-super-star-cappuccino-pink.jpg', 1000000, 800000, 100, 1, N'CA200');
INSERT INTO products VALUES (N'PR512', N'Adidas Superstar Trắng Sọc Đen', N'https://giaygiare.vn/upload/sanpham/thumbs/adidas-superstar-trang-soc-den.jpg', 1000000, 800000, 100, 1, N'CA200');
INSERT INTO products VALUES (N'PR513', N'Adidas Nmd Humanrace Vàng Nam, Nữ Replica 1:1', N'https://giaygiare.vn/upload/sanpham/thumbs/adidas-nmd-humanrace-vang-nam-nu-replica-1-1.jpg', 1680000, 800000, 100, 1, N'CA200');
INSERT INTO products VALUES (N'PR514', N'Adidas Nmd Humanrace Hồng Nữ Replica 1:1', N'https://giaygiare.vn/upload/sanpham/thumbs/adidas-nmd-humanrace-hong-nu-replica-1-1.jpg', 1680000, 800000, 100, 1, N'CA200');
INSERT INTO products VALUES (N'PR515', N'Adidas Nmd Humanrace Xanh Nam, Nữ Replica 1:1', N'https://giaygiare.vn/upload/sanpham/thumbs/adidas-nmd-humanrace-xanh-nam-nu-replica-1-1.jpg', 1680000, 800000, 100, 1, N'CA200');
INSERT INTO products VALUES (N'PR516', N'Adidas Ozweego Core Black/Onix 1:1', N'https://giaygiare.vn/upload/sanpham/thumbs/adidas-ozweego-core-black-onix-1-1.jpg', 1850000, 1500000, 100, 1, N'CA200');
INSERT INTO products VALUES (N'PR517', N'Adidas Ozweego Trace Cargo Green 1:1', N'https://giaygiare.vn/upload/sanpham/thumbs/adidas-ozweego-trace-cargo-green-1-1.jpg', 1850000, 1500000, 100, 1, N'CA200');
INSERT INTO products VALUES (N'PR518', N'Adidas Ozweego Icey Pink/Trace Maroon 1:1', N'https://giaygiare.vn/upload/sanpham/thumbs/adidas-ozweego-icey-pink-trace-maroon-1-1.jpg', 1850000, 1500000, 100, 1, N'CA200');
INSERT INTO products VALUES (N'PR519', N'Adidas Ozweego ''Beige'' Light Brown/Pale Nude 1:1', N'https://giaygiare.vn/upload/sanpham/thumbs/adidas-ozweego-beige-light-brown-pale-nude.jpg', 1850000, 1500000, 100, 1, N'CA200');
INSERT INTO products VALUES (N'PR520', N'Adidas Yung 1 Barber Shop Nam Nữ', N'https://giaygiare.vn/upload/sanpham/thumbs/adidas-yung-1-barber-shop-nam-nu.jpg', 1950000, 1400000, 100, 1, N'CA200');
INSERT INTO products VALUES (N'PR521', N'Adidas Yung Cream Black Pink Nữ', N'https://giaygiare.vn/upload/sanpham/thumbs/adidas-yung-cream-black-pink-nu.jpg', 1950000, 1400000, 100, 1, N'CA200');
INSERT INTO products VALUES (N'PR522', N'ADIDAS YUNG CAM SONGOKU NAM, NỮ', N'https://giaygiare.vn/upload/sanpham/thumbs/adidas-yung-cam-songoku-nam-nu.jpg', 1950000, 1400000, 100, 1, N'CA200');
INSERT INTO products VALUES (N'PR523', N'ADIDAS YUNG TRẮNG NAM, NỮ', N'https://giaygiare.vn/upload/sanpham/thumbs/adidas-yung-trang-nam-nu.jpg', 1950000, 1400000, 100, 1, N'CA200');
INSERT INTO products VALUES (N'PR524', N'Adidas Yung 1 Đỏ Nam Nữ', N'https://giaygiare.vn/upload/sanpham/thumbs/adidas-yung-do-nam-nu.jpg', 1950000, 1400000, 100, 1, N'CA200');
INSERT INTO products VALUES (N'PR550', N'MLB Korea Chunky Lite NY Cream', N'https://giaygiare.vn/upload/sanpham/thumbs/mlb-korea-chunky-lite-ny-cream.jpg', 1100000, 900000, 100, 1, N'CA201');
INSERT INTO products VALUES (N'PR551', N'MLB Chunky High Low New York Yankees', N'https://giaygiare.vn/upload/sanpham/thumbs/mlb-chunky-high-low-new-york-yankees.jpg', 1250000, 900000, 100, 1, N'CA201');
INSERT INTO products VALUES (N'PR552', N'MLB Korea Chunky Lite New York Yankees', N'https://giaygiare.vn/upload/sanpham/thumbs/mlb-korea-chunky-lite-new-york-yankees.jpg', 1100000, 900000, 100, 1, N'CA201');
INSERT INTO products VALUES (N'PR553', N'MLB Korea Chunky Lite LA Dodgers', N'https://giaygiare.vn/upload/sanpham/thumbs/mlb-korea-chunky-lite-la-dodgers.jpg', 1100000, 900000, 100, 1, N'CA201');
INSERT INTO products VALUES (N'PR554', N'MLB Chunky Liner New York Yankees White Green', N'https://giaygiare.vn/upload/sanpham/thumbs/mlb-chunky-liner-new-york-yankees-white-green.jpg', 1300000, 1100000, 100, 1, N'CA201');
INSERT INTO products VALUES (N'PR555', N'MLB Chunky Liner New York Yankees Off White', N'https://giaygiare.vn/upload/sanpham/thumbs/mlb-chunky-liner-new-york-yankees-off-white.jpg', 1300000, 1100000, 100, 1, N'CA201');
INSERT INTO products VALUES (N'PR556', N'MLB Boston Red Sox Big Ball Chunky P 3D', N'https://giaygiare.vn/upload/sanpham/thumbs/mlb-boston-red-sox-nam-nu.jpg', 1080000, 850000, 100, 1, N'CA201');
INSERT INTO products VALUES (N'PR557', N'MLB New York Yankees Big Ball Chunky Embo', N'https://giaygiare.vn/upload/sanpham/thumbs/mlb-new-york-yankees-big-ball-chunky-embo.jpg', 1080000, 850000, 100, 1, N'CA201');
INSERT INTO products VALUES (N'PR558', N'MLB Korea Chunky NY Yankees Purple', N'https://giaygiare.vn/upload/sanpham/thumbs/mlb-korea-chunky-ny-yankees-purple.jpg', 1080000, 850000, 100, 1, N'CA201');
INSERT INTO products VALUES (N'PR559', N'MLB Korea Mono New York Yankees Black', N'https://giaygiare.vn/upload/sanpham/thumbs/mlb-korea-mono-new-york-yankees-black.jpg', 1080000, 850000, 100, 1, N'CA201');
INSERT INTO products VALUES (N'PR560', N'MLB Korea Mono Boston', N'https://giaygiare.vn/upload/sanpham/thumbs/mlb-korea-mono-boston.jpg', 1080000, 850000, 100, 1, N'CA201');
INSERT INTO products VALUES (N'PR561', N'MLB New York Monogram LT Black Big Ball Chunky', N'https://giaygiare.vn/upload/sanpham/thumbs/mlb-new-york-monogram-lt-black-big-ball-chunky.jpg', 1080000, 850000, 100, 1, N'CA201');
INSERT INTO products VALUES (N'PR562', N'MLB New York Monogram LT Yellow Big Ball Chunky', N'https://giaygiare.vn/upload/sanpham/thumbs/mlb-new-york-monogram-lt-yellow-big-ball-chunky.jpg', 1080000, 850000, 100, 1, N'CA201');
INSERT INTO products VALUES (N'PR563', N'MLB New York Yankees Vintage LT Big Ball Chunky', N'https://giaygiare.vn/upload/sanpham/thumbs/mlb-new-york-yankees-vintage-lt-big-ball-chunky.jpg', 1080000, 850000, 100, 1, N'CA201');
INSERT INTO products VALUES (N'PR564', N'MLB LA Dodgers Big Ball Chunky A', N'https://giaygiare.vn/upload/sanpham/thumbs/mlb-la-dodgers-big-ball-chunky-a.jpg', 1080000, 850000, 100, 1, N'CA201');
INSERT INTO products VALUES (N'PR600', N'McQueen Trắng Gót Nhung Mint', N'https://giaygiare.vn/upload/sanpham/thumbs/mcqueen-trang-got-nhung-mint.jpg', 2200000, 1600000, 100, 1, N'CA202');
INSERT INTO products VALUES (N'PR601', N'McQueen Trắng HoloGram', N'https://giaygiare.vn/upload/sanpham/thumbs/mcqueen-trang-hologram.jpg', 2200000, 1600000, 100, 1, N'CA202');
INSERT INTO products VALUES (N'PR602', N'McQueen Trắng Gót Da Cá Sấu Đen', N'https://giaygiare.vn/upload/sanpham/thumbs/mcqueen-trang-got-da-ca-sau-den.jpg', 2200000, 1600000, 100, 1, N'CA202');
INSERT INTO products VALUES (N'PR603', N'McQueen Trắng Gót Da Rắn', N'https://giaygiare.vn/upload/sanpham/thumbs/mcqueen-trang-got-da-ran.jpg', 2200000, 1600000, 100, 1, N'CA202');
INSERT INTO products VALUES (N'PR604', N'McQueen Trắng Gót Bóng', N'https://giaygiare.vn/upload/sanpham/thumbs/mcqueen-trang-got-bong.jpg', 2200000, 1600000, 100, 1, N'CA202');
INSERT INTO products VALUES (N'PR605', N'Mcqueen trắng gót đen ''nhung'' nam nữ', N'https://giaygiare.vn/upload/sanpham/thumbs/mcqueen-trang-got-den-nhung-nam-nu.jpg', 1700000, 1300000, 100, 1, N'CA202');
INSERT INTO products VALUES (N'PR606', N'Mcqueen Hồng Trắng Nữ', N'https://giaygiare.vn/upload/sanpham/thumbs/mcqueen-hong-trang-nu-1-1.jpg', 1320000, 750000, 100, 1, N'CA202');
INSERT INTO products VALUES (N'PR607', N'Mcqueen Static Phản Quang Nam Nữ', N'https://giaygiare.vn/upload/sanpham/thumbs/mcqueen-trang-full-phan-quang-nam-nu.jpg', 1950000, 1600000, 100, 1, N'CA202');
INSERT INTO products VALUES (N'PR608', N'Mcqueen trắng gót đen', N'https://giaygiare.vn/upload/sanpham/thumbs/mcqueen-trang-got-den-1-1-nam-nu.jpg', 1950000, 1600000, 100, 1, N'CA202');
INSERT INTO products VALUES (N'PR609', N'Mcqueen trắng gót bóng vàng', N'https://giaygiare.vn/upload/sanpham/thumbs/mcqueen-trang-got-bong-vang-1-1-nam-nu.jpg', 1950000, 1600000, 100, 1, N'CA202');
INSERT INTO products VALUES (N'PR610', N'Mcqueen trắng gót bóng tím', N'https://giaygiare.vn/upload/sanpham/thumbs/mcqueen-trang-got-bong-tim-1-1-nam-nu.jpg', 1950000, 1600000, 100, 1, N'CA202');
INSERT INTO products VALUES (N'PR611', N'Mcqueen trắng gót vàng', N'https://giaygiare.vn/upload/sanpham/thumbs/mcqueen-trang-got-vang-1-1-nam-nu.jpg', 1950000, 1600000, 100, 1, N'CA202');
INSERT INTO products VALUES (N'PR612', N'Mcqueen Trắng Gót Hồng ''Nhung'' Nữ', N'https://giaygiare.vn/upload/sanpham/thumbs/mcqueen-trang-got-hong-nhung-nu.jpg', 1950000, 1400000, 100, 1, N'CA202');
INSERT INTO products VALUES (N'PR650', N'New Balance CTR 300 Navy', N'https://giaygiare.vn/upload/sanpham/thumbs/new-balance-ctr-300-navy.jpg', 1100000, 900000, 100, 1, N'CA203');
INSERT INTO products VALUES (N'PR651', N'New Balance CTR 300 White Black', N'https://giaygiare.vn/upload/sanpham/thumbs/new-balance-ctr-300-white-black.jpg', 1100000, 900000, 100, 1, N'CA203');
INSERT INTO products VALUES (N'PR652', N'New Balance CTR 300 Blue Aqua', N'https://giaygiare.vn/upload/sanpham/thumbs/new-balance-ctr-300-blue-aqua.jpg', 1100000, 900000, 100, 1, N'CA203');
INSERT INTO products VALUES (N'PR653', N'New Balance CTR 300 Beige Green', N'https://giaygiare.vn/upload/sanpham/thumbs/new-balance-ctr-300-beige-green.jpg', 1100000, 900000, 100, 1, N'CA203');
INSERT INTO products VALUES (N'PR654', N'New Balance 550 Aime Leon Dore Red', N'https://giaygiare.vn/upload/sanpham/thumbs/new-balance-550-aime-leon-dore-red.jpg', 1400000, 1100000, 100, 1, N'CA203');
INSERT INTO products VALUES (N'PR655', N'New Balance 550 Aime Leon Dore White Navy', N'https://giaygiare.vn/upload/sanpham/thumbs/new-balance-550-aime-leon-dore-white-navy.jpg', 1400000, 1100000, 100, 1, N'CA203');
INSERT INTO products VALUES (N'PR656', N'New Balance 550 Aime Leon Dore White Green', N'https://giaygiare.vn/upload/sanpham/thumbs/new-balance-550-aime-leon-dore-white-green.jpg', 1400000, 1000000, 100, 1, N'CA203');
INSERT INTO products VALUES (N'PR657', N'New Balance 550 White Green', N'https://giaygiare.vn/upload/sanpham/thumbs/new-balance-550-white-green.jpg', 1400000, 1000000, 100, 1, N'CA203');
INSERT INTO products VALUES (N'PR658', N'New Balance 550 Green Yellow', N'https://giaygiare.vn/upload/sanpham/thumbs/new-balance-550-green-yellow.jpg', 1400000, 1000000, 100, 1, N'CA203');
INSERT INTO products VALUES (N'PR659', N'New Balance 550 Navy Blue', N'https://giaygiare.vn/upload/sanpham/thumbs/new-balance-550-navy-blue.jpg', 1400000, 1000000, 100, 1, N'CA203');
INSERT INTO products VALUES (N'PR660', N'New Balance 550 Cream Black', N'https://giaygiare.vn/upload/sanpham/thumbs/new-balance-550-cream-black.jpg', 1400000, 1000000, 100, 1, N'CA203');
INSERT INTO products VALUES (N'PR661', N'New Balance 550 Rick Paul', N'https://giaygiare.vn/upload/sanpham/thumbs/new-balance-550-rick-paul.jpg', 1400000, 1000000, 100, 1, N'CA203');
INSERT INTO products VALUES (N'PR662', N'New Balance 550 Burgundy Cyan', N'https://giaygiare.vn/upload/sanpham/thumbs/new-balance-550-burgundy-cyan.jpg', 1400000, 1000000, 100, 1, N'CA203');
INSERT INTO products VALUES (N'PR663', N'New Balance 550 White Au Lait', N'https://giaygiare.vn/upload/sanpham/thumbs/new-balance-550-white-au-lait.jpg', 1400000, 1000000, 100, 1, N'CA203');
INSERT INTO products VALUES (N'PR664', N'New Balance 550 White Pink', N'https://giaygiare.vn/upload/sanpham/thumbs/new-balance-550-white-pink.jpg', 1400000, 1000000, 100, 1, N'CA203');
INSERT INTO products VALUES (N'PR665', N'New Balance 550 Aime Leon Dore White Grey', N'https://giaygiare.vn/upload/sanpham/thumbs/new-balance-550-aime-leon-dore-white-grey.jpg', 1400000, 1000000, 100, 1, N'CA203');
INSERT INTO products VALUES (N'PR666', N'New Balance 550 Oreo', N'https://giaygiare.vn/upload/sanpham/thumbs/new-balance-550-oreo.jpg', 1400000, 1000000, 100, 1, N'CA203');
INSERT INTO products VALUES (N'PR700', N'Nike SB Dunk Low Otomo Katsuhiro University Blue Orange', N'https://giaygiare.vn/upload/sanpham/thumbs/nike-sb-dunk-low-otomo-katsuhiro-university-blue-orange.jpg', 1950000, 1500000, 100, 1, N'CA204');
INSERT INTO products VALUES (N'PR701', N'Nike Dunk Disrupt 2 Easter Pastel', N'https://giaygiare.vn/upload/sanpham/thumbs/nike-dunk-disrupt-2-easter-pastel.jpg', 1350000, 1000000, 100, 1, N'CA204');
INSERT INTO products VALUES (N'PR702', N'Nike Dunk High White Vast Grey', N'https://giaygiare.vn/upload/sanpham/thumbs/nike-dunk-high-white-vast-grey.jpg', 1550000, 1100000, 100, 1, N'CA204');
INSERT INTO products VALUES (N'PR703', N'Nike Dunk High Panda', N'https://giaygiare.vn/upload/sanpham/thumbs/nike-dunk-high-panda.jpg', 1550000, 1100000, 100, 1, N'CA204');
INSERT INTO products VALUES (N'PR704', N'Nike Dunk Low Valerian Blue', N'https://giaygiare.vn/upload/sanpham/thumbs/nike-dunk-low-valerian-blue.jpg', 1650000, 1250000, 100, 1, N'CA204');
INSERT INTO products VALUES (N'PR705', N'Nike Dunk Low x Off White Pine Green', N'https://giaygiare.vn/upload/sanpham/thumbs/nike-dunk-low-x-off-white-pine-green.jpg', 1400000, 1100000, 100, 1, N'CA204');
INSERT INTO products VALUES (N'PR706', N'Nike SB Dunk Low Otomo Katsuhiro Grey Green Gold', N'https://giaygiare.vn/upload/sanpham/thumbs/nike-sb-dunk-low-otomo-katsuhiro-grey-green-gold.jpg', 1100000, 950000, 100, 1, N'CA204');
INSERT INTO products VALUES (N'PR707', N'Nike Dunk Low World Champ', N'https://giaygiare.vn/upload/sanpham/thumbs/nike-dunk-low-world-champ.jpg', 1100000, 950000, 100, 1, N'CA204');
INSERT INTO products VALUES (N'PR708', N'Nike SB Dunk Light Bone', N'https://giaygiare.vn/upload/sanpham/thumbs/nike-sb-dunk-light-bone.jpg', 1100000, 950000, 100, 1, N'CA204');
INSERT INTO products VALUES (N'PR709', N'Nike SB Dunk Green Glow', N'https://giaygiare.vn/upload/sanpham/thumbs/nike-sb-dunk-green-glow.jpg', 1100000, 950000, 100, 1, N'CA204');
INSERT INTO products VALUES (N'PR710', N'Nike SB Dunk Purple', N'https://giaygiare.vn/upload/sanpham/thumbs/nike-sb-dunk-purple.jpg', 1100000, 950000, 100, 1, N'CA204');
INSERT INTO products VALUES (N'PR711', N'Nike SB Dunk Triple Pink Red', N'https://giaygiare.vn/upload/sanpham/thumbs/nike-sb-dunk-triple-pink-red.jpg', 1100000, 950000, 100, 1, N'CA204');
INSERT INTO products VALUES (N'PR712', N'Nike Dunk Disrupt 2 Pale Ivory Black', N'https://giaygiare.vn/upload/sanpham/thumbs/nike-dunk-disrupt-2-pale-ivory-black.jpg', 1300000, 1100000, 100, 1, N'CA204');
INSERT INTO products VALUES (N'PR713', N'Nike Dunk Disrupt 2 Malachite', N'https://giaygiare.vn/upload/sanpham/thumbs/nike-dunk-disrupt-2-malachite.jpg', 1300000, 1100000, 100, 1, N'CA204');
INSERT INTO products VALUES (N'PR714', N'Nike Dunk Disrupt 2 Pale Ivory', N'https://giaygiare.vn/upload/sanpham/thumbs/nike-dunk-disrupt-2-pale-ivory.jpg', 1300000, 1100000, 100, 1, N'CA204');
INSERT INTO products VALUES (N'PR715', N'Nike Air Jordan 4 Kaws', N'https://giaygiare.vn/upload/sanpham/thumbs/nike-air-jordan-4-kaws.jpg', 1850000, 1500000, 100, 1, N'CA204');
INSERT INTO products VALUES (N'PR716', N'Nike Air Jordan 4 White Midnight Navy', N'https://giaygiare.vn/upload/sanpham/thumbs/nike-air-jordan-4-white-midnight-navy.jpg', 1500000, 1200000, 100, 1, N'CA204');
INSERT INTO products VALUES (N'PR717', N'Nike Air Jordan 4 Black Cat', N'https://giaygiare.vn/upload/sanpham/thumbs/nike-air-jordan-4-black-cat.jpg', 1500000, 1200000, 100, 1, N'CA204');
INSERT INTO products VALUES (N'PR718', N'Nike Air Jordan 1 Low Siren Blue', N'https://giaygiare.vn/upload/sanpham/thumbs/nike-air-jordan-1-low-siren-blue.jpg', 1320000, 1000000, 100, 1, N'CA204');
INSERT INTO products VALUES (N'PR719', N'Nike Air Jordan 1 Low Spades', N'https://giaygiare.vn/upload/sanpham/thumbs/nike-air-jordan-1-low-spades.jpg', 1320000, 1000000, 100, 1, N'CA204');
INSERT INTO products VALUES (N'PR720', N'Nike Air Jordan 1 Low Vintage Grey', N'https://giaygiare.vn/upload/sanpham/thumbs/nike-air-jordan-1-low-vintage-grey.jpg', 1320000, 1000000, 100, 1, N'CA204');
INSERT INTO products VALUES (N'PR721', N'Nike Air Jordan 1 Low Light Olive', N'https://giaygiare.vn/upload/sanpham/thumbs/nike-air-jordan-1-low-light-olive.jpg', 1320000, 1000000, 100, 1, N'CA204');
INSERT INTO products VALUES (N'PR722', N'Nike Air Jordan 1 Low Stealth French Blue', N'https://giaygiare.vn/upload/sanpham/thumbs/nike-air-jordan-1-low-stealth-french-blue.jpg', 1320000, 1000000, 100, 1, N'CA204');
INSERT INTO products VALUES (N'PR723', N'Nike Air Jordan 1 Low Bulls', N'https://giaygiare.vn/upload/sanpham/thumbs/nike-air-jordan-1-low-bulls.jpg', 1320000, 1000000, 100, 1, N'CA204');
INSERT INTO products VALUES (N'PR724', N'Nike Air Jordan 1 LV8D Elevated Bred', N'https://giaygiare.vn/upload/sanpham/thumbs/nike-air-jordan-1-lv8d-elevated-bred.jpg', 1500000, 1200000, 100, 1, N'CA204');
INSERT INTO products VALUES (N'PR725', N'Nike Air Jordan 1 LV8D Elevated Wolf Grey', N'https://giaygiare.vn/upload/sanpham/thumbs/nike-air-jordan-1-lv8d-elevated-wolf-grey.jpg', 1500000, 1200000, 100, 1, N'CA204');
INSERT INTO products VALUES (N'PR726', N'Nike Air Jordan 1 LV8D Elevated Onyx', N'https://giaygiare.vn/upload/sanpham/thumbs/nike-air-jordan-1-lv8d-elevated.jpg', 1500000, 1200000, 100, 1, N'CA204');
INSERT INTO products VALUES (N'PR727', N'Nike Air Jordan 1 Low Cardinal Red', N'https://giaygiare.vn/upload/sanpham/thumbs/nike-air-jordan-1-low-cardinal-red.jpg', 1320000, 1000000, 100, 1, N'CA204');
INSERT INTO products VALUES (N'PR728', N'Nike Air Jordan 1 Low Black White', N'https://giaygiare.vn/upload/sanpham/thumbs/nike-air-jordan-1-low-black-white.jpg', 1320000, 1000000, 100, 1, N'CA204');
INSERT INTO products VALUES (N'PR729', N'Nike Air Jordan 1 Low Panda', N'https://giaygiare.vn/upload/sanpham/thumbs/nike-air-jordan-1-low-panda.jpg', 1320000, 1000000, 100, 1, N'CA204');
INSERT INTO products VALUES (N'PR730', N'Nike Air Force 1 Low Craft White', N'https://giaygiare.vn/upload/sanpham/thumbs/nike-air-force-1-low-craft-white.jpg', 2400000, 1900000, 100, 1, N'CA204');
INSERT INTO products VALUES (N'PR731', N'Nike Air Force 1 Low World Champ', N'https://giaygiare.vn/upload/sanpham/thumbs/nike-air-force-1-low-world-champ.jpg', 1400000, 1100000, 100, 1, N'CA204');
INSERT INTO products VALUES (N'PR732', N'Nike Air Force 1 Low ''Paisley Black''', N'https://giaygiare.vn/upload/sanpham/thumbs/nike-air-force-1-low-paisley-black.jpg', 1450000, 1100000, 100, 1, N'CA204');
INSERT INTO products VALUES (N'PR733', N'Nike Air Force 1 Low Flax Siêu Cấp', N'https://giaygiare.vn/upload/sanpham/thumbs/nike-air-force-1-low-flax-sieu-cap.jpg', 1300000, 950000, 100, 1, N'CA204');
INSERT INTO products VALUES (N'PR734', N'Nike Air Force 1 Low University Blue', N'https://giaygiare.vn/upload/sanpham/thumbs/nike-air-force-1-low-university-blue.jpg', 1200000, 950000, 100, 1, N'CA204');
INSERT INTO products VALUES (N'PR735', N'Nike Air Force 1 Low lv8 Grote Uitverkoop', N'https://giaygiare.vn/upload/sanpham/thumbs/nike-air-force-1-low-lv8-grote-uitverkoop.jpg', 1200000, 950000, 100, 1, N'CA204');
INSERT INTO products VALUES (N'PR736', N'Nike Air Force 1 Low Light Armory Blue Obsidian Mist', N'https://giaygiare.vn/upload/sanpham/thumbs/nike-air-force-1-low-light-armory-blue-obsidian-mist.jpg', 1200000, 950000, 100, 1, N'CA204');
INSERT INTO products VALUES (N'PR737', N'Nike Air Force 1 Low Gore-Tex Olive', N'https://giaygiare.vn/upload/sanpham/thumbs/nike-air-force-1-low-gore-tex-olive.jpg', 1300000, 1000000, 100, 1, N'CA204');
INSERT INTO products VALUES (N'PR738', N'Nike Air Force 1 Low ''Paisley Green''', N'https://giaygiare.vn/upload/sanpham/thumbs/nike-air-force-1-low-paisley-green.jpg', 1450000, 1100000, 100, 1, N'CA204');
INSERT INTO products VALUES (N'PR739', N'Nike Air Force 1 Low LV White', N'https://giaygiare.vn/upload/sanpham/thumbs/nike-air-force-1-low-lv-white.jpg', 2100000, 1700000, 100, 1, N'CA204');
INSERT INTO products VALUES (N'PR740', N'Nike Air Force 1 Low LV Black', N'https://giaygiare.vn/upload/sanpham/thumbs/nike-air-force-1-low-lv-black.jpg', 2100000, 1700000, 100, 1, N'CA204');
INSERT INTO products VALUES (N'PR741', N'Nike Air Force 1 Low 07 White Metallic Silver', N'https://giaygiare.vn/upload/sanpham/thumbs/nike-air-force-1-low-07-white-metallic-silver.jpg', 1200000, 900000, 100, 1, N'CA204');
INSERT INTO products VALUES (N'PR742', N'Nike Air Force 1 Low Supreme White', N'https://giaygiare.vn/upload/sanpham/thumbs/nike-air-force-1-low-supreme-white.jpg', 1600000, 1250000, 100, 1, N'CA204');
INSERT INTO products VALUES (N'PR743', N'Nike Air Force 1 Low x Louis Vuitton Brown', N'https://giaygiare.vn/upload/sanpham/thumbs/nike-air-force-1-low-x-louis-vuitton-brown.jpg', 1300000, 1000000, 100, 1, N'CA204');
INSERT INTO products VALUES (N'PR744', N'Nike Air Force 1 Low SP 21 ''Coffee''', N'https://giaygiare.vn/upload/sanpham/thumbs/nike-air-force-1-low-sp-21-coffee.jpg', 1300000, 1000000, 100, 1, N'CA204');
INSERT INTO products VALUES (N'PR745', N'Nike Blazer Mid 77 Vintage', N'https://giaygiare.vn/upload/sanpham/thumbs/nike-blazer-mid-77-vintage.jpg', 1450000, 1000000, 100, 1, N'CA204');
INSERT INTO products VALUES (N'PR746', N'LV Trainer Sneaker Black', N'https://giaygiare.vn/upload/sanpham/thumbs/lv-trainer-sneaker-black.jpg', 1550000, 1100000, 100, 1, N'CA204');
INSERT INTO products VALUES (N'PR747', N'LV Trainer Sneaker Navy', N'https://giaygiare.vn/upload/sanpham/thumbs/lv-trainer-sneaker-navy.jpg', 1550000, 1100000, 100, 1, N'CA204');
INSERT INTO products VALUES (N'PR748', N'LV Trainer Sneaker Green', N'https://giaygiare.vn/upload/sanpham/thumbs/lv-trainer-sneaker-green.jpg', 1550000, 1100000, 100, 1, N'CA204');
INSERT INTO products VALUES (N'PR749', N'LV Trainer Sneaker Pink', N'https://giaygiare.vn/upload/sanpham/thumbs/lv-trainer-sneaker-pink.jpg', 1550000, 1200000, 100, 1, N'CA204');
INSERT INTO products VALUES (N'PR750', N'Nike Blazer Low 77 Vintage', N'https://giaygiare.vn/upload/sanpham/thumbs/nike-blazer-low-77-vintage.jpg', 1450000, 1000000, 100, 1, N'CA204');
INSERT INTO products VALUES (N'PR751', N'Nike Air Zoom Pegasus 39 Black Navy Yellow', N'https://giaygiare.vn/upload/sanpham/thumbs/nike-air-zoom-pegasus-39-black-navy-yellow.jpg', 1750000, 1300000, 100, 1, N'CA204');
INSERT INTO products VALUES (N'PR752', N'Nike Air Zoom Pegasus 39 Pink Multi Color', N'https://giaygiare.vn/upload/sanpham/thumbs/nike-air-zoom-pegasus-39-pink-multi-color.jpg', 1750000, 1300000, 100, 1, N'CA204');
INSERT INTO products VALUES (N'PR753', N'Nike Air Zoom Pegasus 39 Pink White', N'https://giaygiare.vn/upload/sanpham/thumbs/nike-air-zoom-pegasus-39-pink-white.jpg', 1750000, 1300000, 100, 1, N'CA204');
INSERT INTO products VALUES (N'PR754', N'Nike Air Zoom Pegasus 39 Grey Silver Black', N'https://giaygiare.vn/upload/sanpham/thumbs/nike-air-zoom-pegasus-39-grey-silver-black.jpg', 1750000, 1300000, 100, 1, N'CA204');
INSERT INTO products VALUES (N'PR755', N'Nike Air Zoom Pegasus 39 Grey Navy', N'https://giaygiare.vn/upload/sanpham/thumbs/nike-air-zoom-pegasus-39-grey-navy.jpg', 1750000, 1300000, 100, 1, N'CA204');
INSERT INTO products VALUES (N'PR756', N'Nike Air Zoom Pegasus 39 Grey Orange Navy', N'https://giaygiare.vn/upload/sanpham/thumbs/nike-air-zoom-pegasus-39-grey-orange-navy.jpg', 1750000, 1300000, 100, 1, N'CA204');
INSERT INTO products VALUES (N'PR757', N'Nike Air Zoom Pegasus 39 Blue White', N'https://giaygiare.vn/upload/sanpham/thumbs/nike-air-zoom-pegasus-39-blue-white.jpg', 1750000, 1300000, 100, 1, N'CA204');
INSERT INTO products VALUES (N'PR758', N'Nike Air Zoom Pegasus 39 Core Black', N'https://giaygiare.vn/upload/sanpham/thumbs/nike-air-zoom-pegasus-39-core-black.jpg', 1750000, 1300000, 100, 1, N'CA204');
INSERT INTO products VALUES (N'PR759', N'Nike Air Zoom Pegasus 39 Core Black Red', N'https://giaygiare.vn/upload/sanpham/thumbs/nike-air-zoom-pegasus-39-core-black-red.jpg', 1750000, 1300000, 100, 1, N'CA204');
INSERT INTO products VALUES (N'PR760', N'Nike Air Zoom Pegasus 39 Black Solar Red', N'https://giaygiare.vn/upload/sanpham/thumbs/nike-air-zoom-pegasus-39-black-solar-red.jpg', 1750000, 1300000, 100, 1, N'CA204');
INSERT INTO products VALUES (N'PR761', N'Nike Air Zoom Pegasus 39 Grey Black Mint', N'https://giaygiare.vn/upload/sanpham/thumbs/nike-air-zoom-pegasus-39-grey-black-mint.jpg', 1750000, 1300000, 100, 1, N'CA204');
INSERT INTO products VALUES (N'PR762', N'Nike Air Zoom Pegasus 39 Grey Cream Brown', N'https://giaygiare.vn/upload/sanpham/thumbs/nike-air-zoom-pegasus-39-grey-cream-brown.jpg', 1750000, 1300000, 100, 1, N'CA204');
INSERT INTO products VALUES (N'PR763', N'Nike Air Zoom Pegasus 39 White Blue Red', N'https://giaygiare.vn/upload/sanpham/thumbs/nike-air-zoom-pegasus-39-white-blue-red.jpg', 1750000, 1300000, 100, 1, N'CA204');
INSERT INTO products VALUES (N'PR764', N'Nike Air Zoom Pegasus 39 White Red Purple', N'https://giaygiare.vn/upload/sanpham/thumbs/nike-air-zoom-pegasus-39-white-red-purple.jpg', 1750000, 1300000, 100, 1, N'CA204');
INSERT INTO products VALUES (N'PR765', N'Nike Air Zoom Pegasus 39 White Cream Pink', N'https://giaygiare.vn/upload/sanpham/thumbs/nike-air-zoom-pegasus-39-white-cream-pink.jpg', 1750000, 1300000, 100, 1, N'CA204');
INSERT INTO products VALUES (N'PR766', N'Nike Air Max 2022 Navy White', N'https://giaygiare.vn/upload/sanpham/thumbs/nike-air-max-2022-navy-white.jpg', 1550000, 1300000, 100, 1, N'CA204');
INSERT INTO products VALUES (N'PR767', N'Nike Air Max 2022 Core Black Blue', N'https://giaygiare.vn/upload/sanpham/thumbs/nike-air-max-2022-core-black-blue.jpg', 1550000, 1300000, 100, 1, N'CA204');
INSERT INTO products VALUES (N'PR768', N'Nike Air Max 2022 Core Black Mint', N'https://giaygiare.vn/upload/sanpham/thumbs/nike-air-max-2022-core-black-mint.jpg', 1550000, 1300000, 100, 1, N'CA204');
INSERT INTO products VALUES (N'PR769', N'Nike Air Max 1 Collaboration x Patta Black', N'https://giaygiare.vn/upload/sanpham/thumbs/nike-air-max-1-collaboration-x-patta-black.jpg', 1600000, 1200000, 100, 1, N'CA204');
INSERT INTO products VALUES (N'PR770', N'Nike Air Max 720 Flyknit White Swoosh Black', N'https://giaygiare.vn/upload/sanpham/thumbs/nike-air-max-720-flyknit-white-swoosh-black.jpg', 1600000, 1300000, 100, 1, N'CA204');
INSERT INTO products VALUES (N'PR771', N'Nike Air Max 720 Flyknit White Cream Purple', N'https://giaygiare.vn/upload/sanpham/thumbs/nike-air-max-720-flyknit-white-cream-purple.jpg', 1600000, 1300000, 100, 1, N'CA204');
INSERT INTO products VALUES (N'PR772', N'Nike Air Max 720 Flyknit All Black', N'https://giaygiare.vn/upload/sanpham/thumbs/nike-air-max-720-flyknit-all-black.jpg', 1600000, 1300000, 100, 1, N'CA204');
INSERT INTO products VALUES (N'PR773', N'Nike Air Max 720 Flyknit Black Grey White', N'https://giaygiare.vn/upload/sanpham/thumbs/nike-air-max-720-flyknit-black-grey-white.jpg', 1600000, 1300000, 100, 1, N'CA204');
INSERT INTO products VALUES (N'PR774', N'Nike Air Max 720 Flyknit Black White', N'https://giaygiare.vn/upload/sanpham/thumbs/nike-air-max-720-flyknit-black-white.jpg', 1600000, 1300000, 100, 1, N'CA204');
INSERT INTO products VALUES (N'PR775', N'Nike Air Max 720 Flyknit White Navy Black', N'https://giaygiare.vn/upload/sanpham/thumbs/nike-air-max-720-flyknit-white-navy-black.jpg', 1600000, 1300000, 100, 1, N'CA204');
INSERT INTO products VALUES (N'PR776', N'Nike Air Max 720 Flyknit Yellow Black', N'https://giaygiare.vn/upload/sanpham/thumbs/nike-air-max-720-flyknit-yellow-black.jpg', 1600000, 1300000, 100, 1, N'CA204');
INSERT INTO products VALUES (N'PR777', N'Nike Air Max 720 Flyknit White Black', N'https://giaygiare.vn/upload/sanpham/thumbs/nike-air-max-720-flyknit-white-black.jpg', 1600000, 1300000, 100, 1, N'CA204');
INSERT INTO products VALUES (N'PR778', N'Nike Air Max 720 Flyknit Core Black', N'https://giaygiare.vn/upload/sanpham/thumbs/nike-air-max-720-flyknit-core-black.jpg', 1600000, 1300000, 100, 1, N'CA204');
INSERT INTO products VALUES (N'PR779', N'Nike Air Max 720 Flyknit Navy', N'https://giaygiare.vn/upload/sanpham/thumbs/nike-air-max-720-flyknit-navy.jpg', 1600000, 1300000, 100, 1, N'CA204');
INSERT INTO products VALUES (N'PR780', N'Nike Air Max 720 Flyknit Core Black Blue', N'https://giaygiare.vn/upload/sanpham/thumbs/nike-air-max-720-flyknit-core-black-blue.jpg', 1600000, 1300000, 100, 1, N'CA204');
INSERT INTO products VALUES (N'PR781', N'Nike Joyride Run Flyknit Pink Black 1:1', N'https://giaygiare.vn/upload/sanpham/thumbs/nike-joyride-run-flyknit-pink-black-1-1.jpg', 1900000, 1600000, 100, 1, N'CA204');
INSERT INTO products VALUES (N'PR782', N'Nike Joyride Run Flyknit Red Black 1:1', N'https://giaygiare.vn/upload/sanpham/thumbs/nike-joyride-run-flyknit-red-black-1-1.jpg', 1900000, 1600000, 100, 1, N'CA204');
INSERT INTO products VALUES (N'PR783', N'Nike Joyride Run Flyknit Light Pink 1:1', N'https://giaygiare.vn/upload/sanpham/thumbs/nike-joyride-run-flyknit-light-pink-1-1.jpg', 1900000, 1600000, 100, 1, N'CA204');
INSERT INTO products VALUES (N'PR784', N'Nike Joyride Run Flyknit Grey Light Blue 1:1', N'https://giaygiare.vn/upload/sanpham/thumbs/nike-joyride-run-flyknit-grey-light-blue-1-1.jpg', 1900000, 1600000, 100, 1, N'CA204');
INSERT INTO products VALUES (N'PR785', N'Nike Joyride Run Flyknit Grey Red 1:1', N'https://giaygiare.vn/upload/sanpham/thumbs/nike-joyride-run-flyknit-grey-red-1-1.jpg', 1900000, 1600000, 100, 1, N'CA204');
INSERT INTO products VALUES (N'PR786', N'Nike Joyride Run Flyknit Blue Navy 1:1', N'https://giaygiare.vn/upload/sanpham/thumbs/nike-joyride-run-flyknit-blue-navy-1-1.jpg', 1900000, 1600000, 100, 1, N'CA204');
INSERT INTO products VALUES (N'PR787', N'Nike Joyride Run Flyknit White Blue Orange 1:1', N'https://giaygiare.vn/upload/sanpham/thumbs/nike-joyride-run-flyknit-white-blue-orange-1-1.jpg', 1900000, 1600000, 100, 1, N'CA204');
INSERT INTO products VALUES (N'PR788', N'Nike Joyride Run Flyknit White Red 1:1', N'https://giaygiare.vn/upload/sanpham/thumbs/nike-joyride-run-flyknit-white-red-1-1.jpg', 1900000, 1600000, 100, 1, N'CA204');
INSERT INTO products VALUES (N'PR789', N'Nike M2K Tekno Dark Grey Cyan Nam Nữ', N'https://giaygiare.vn/upload/sanpham/thumbs/nike-m2k-tekno-dark-grey-cyan-nam-nu.jpg', 1950000, 1700000, 100, 1, N'CA204');
INSERT INTO products VALUES (N'PR790', N'Nike M2K Tekno Grey Cyan Orange Nam Nữ', N'https://giaygiare.vn/upload/sanpham/thumbs/nike-m2k-tekno-grey-cyan-orange-nam-nu.jpg', 1950000, 1700000, 100, 1, N'CA204');
INSERT INTO products VALUES (N'PR791', N'Nike M2K Tekno Blue Red Yellow Nam Nữ', N'https://giaygiare.vn/upload/sanpham/thumbs/nike-m2k-tekno-blue-red-yellow-nam-nu.jpg', 1950000, 1700000, 100, 1, N'CA204');
INSERT INTO products VALUES (N'PR792', N'Nike M2K Tekno Half Blue Chrome Yellow Nữ', N'https://giaygiare.vn/upload/sanpham/thumbs/nike-m2k-tekno-half-blue-chrome-yellow-nu.jpg', 1950000, 1700000, 100, 1, N'CA204');
INSERT INTO products VALUES (N'PR793', N'Nike M2K Tekno Grey Red Metallic Nam Nữ', N'https://giaygiare.vn/upload/sanpham/thumbs/nike-m2k-tekno-grey-red-metallic-nam-nu.jpg', 1950000, 1700000, 100, 1, N'CA204');
INSERT INTO products VALUES (N'PR794', N'Nike M2K Tekno White Green Grey Nam Nữ', N'https://giaygiare.vn/upload/sanpham/thumbs/nike-m2k-tekno-white-green-grey-nam-nu.jpg', 1950000, 1700000, 100, 1, N'CA204');
INSERT INTO products VALUES (N'PR795', N'Nike M2K Tekno Dark Red Blue Nam, Nữ', N'https://giaygiare.vn/upload/sanpham/thumbs/nike-m2k-tekno-dark-red-blue-nam-nu.jpg', 1950000, 1700000, 100, 1, N'CA204');
INSERT INTO products VALUES (N'PR796', N'Nike M2K Tekno White Black Nam, Nữ', N'https://giaygiare.vn/upload/sanpham/thumbs/nike-m2k-tekno-white-black-nam-nu.jpg', 1950000, 1700000, 100, 1, N'CA204');
INSERT INTO products VALUES (N'PR797', N'Nike M2K Tekno White, Cool Grey, Black Nam', N'https://giaygiare.vn/upload/sanpham/thumbs/nike-m2k-tekno-white-cool-grey-black-nam.jpg', 1950000, 900000, 100, 1, N'CA204');
INSERT INTO products VALUES (N'PR798', N'Nike M2K Tekno Cream White Orange Nam Nữ', N'https://giaygiare.vn/upload/sanpham/thumbs/nike-m2k-tekno-cream-white-orange-nam.jpg', 1950000, 1700000, 100, 1, N'CA204');
INSERT INTO products VALUES (N'PR799', N'Nike M2K Tekno Pure Platium Nam Nữ', N'https://giaygiare.vn/upload/sanpham/thumbs/nike-m2k-tekno-pure-platium-nam.jpg', 1950000, 900000, 100, 1, N'CA204');
INSERT INTO products VALUES (N'PR800', N'Nike M2K Tekno Turquoise Iridescent Nữ', N'https://giaygiare.vn/upload/sanpham/thumbs/nike-m2k-tekno-turquoise-iridescent-nu.jpg', 1950000, 1700000, 100, 1, N'CA204');
INSERT INTO products VALUES (N'PR801', N'Nike M2K Tekno Đen Trắng Xanh Ngọc Nam, Nữ', N'https://giaygiare.vn/upload/sanpham/thumbs/nike-m2k-tekno-den-trang-xanh-ngoc-nam-nu.jpg', 1950000, 1700000, 100, 1, N'CA204');
INSERT INTO products VALUES (N'PR802', N'Nike M2K Tekno ''Linen & Wheat & Ale Brown''', N'https://giaygiare.vn/upload/sanpham/thumbs/nike-m2k-tekno-linen-wheat-ale-brown.jpg', 1950000, 1700000, 100, 1, N'CA204');
INSERT INTO products VALUES (N'PR803', N'Nike m2k cream blue orange nữ', N'https://giaygiare.vn/upload/sanpham/thumbs/nike-m2k-cream-blue-orange-nam-nu.jpg', 1950000, 1700000, 100, 1, N'CA204');
INSERT INTO products VALUES (N'PR804', N'Nike Air More Uptempo 96 Đen Xám Trắng Nam Nữ', N'https://giaygiare.vn/upload/sanpham/thumbs/nike-air-more-uptempo-96-den-xam-trang-nam-nu.jpg', 2300000, 1800000, 100, 1, N'CA204');
INSERT INTO products VALUES (N'PR805', N'Nike Air More Uptempo Supreme Đỏ Trắng Nam Nữ', N'https://giaygiare.vn/upload/sanpham/thumbs/nike-air-more-uptempo-supreme-do-trang-nam-nu.jpg', 2300000, 1800000, 100, 1, N'CA204');
INSERT INTO products VALUES (N'PR806', N'Nike Air More Uptempo Supreme Black Nam Nữ', N'https://giaygiare.vn/upload/sanpham/thumbs/nike-air-more-uptempo-supreme-black-nam-nu.jpg', 2300000, 1800000, 100, 1, N'CA204');
INSERT INTO products VALUES (N'PR807', N'Nike Air More Uptempo 96 Xanh Đen Nam Nữ', N'https://giaygiare.vn/upload/sanpham/thumbs/nike-air-more-uptempo-96-xanh-den-nam-nu.jpg', 2300000, 1800000, 100, 1, N'CA204');
INSERT INTO products VALUES (N'PR808', N'Nike Air More Uptempo trắng chữ viền đỏ Nam, Nữ', N'https://giaygiare.vn/upload/sanpham/thumbs/nike-air-more-uptempo-trang-chu-vien-do-nam-nu.jpg', 2300000, 1800000, 100, 1, N'CA204');
INSERT INTO products VALUES (N'PR809', N'Nike Air More Uptempo GS Release Đen Nam Nữ', N'https://giaygiare.vn/upload/sanpham/thumbs/nike-air-more-uptempo-gs-2016-release-den-nam-nu.jpg', 2300000, 1800000, 100, 1, N'CA204');
INSERT INTO products VALUES (N'PR810', N'Nike Air More Uptempo Trắng full Nam, Nữ', N'https://giaygiare.vn/upload/sanpham/thumbs/nike-air-more-uptempo-trang-full-nam-nu.jpg', 2300000, 1800000, 100, 1, N'CA204');
INSERT INTO products VALUES (N'PR811', N'Nike Air More Uptempo 96 Bulls Chicago Đỏ Đen', N'https://giaygiare.vn/upload/sanpham/thumbs/nike-uptempo-do-den.jpg', 2300000, 1800000, 100, 1, N'CA204');
INSERT INTO products VALUES (N'PR812', N'Nike Air More Uptempo 96 Premium Vàng', N'https://giaygiare.vn/upload/sanpham/thumbs/nike-air-more-uptempo-96-premium-vang.jpg', 2300000, 1800000, 100, 1, N'CA204');
INSERT INTO products VALUES (N'PR813', N'NIKE Air More Uptempo Supreme X Tri-Color 2018', N'https://giaygiare.vn/upload/sanpham/thumbs/nike-air-more-uptempo-supreme-x-tri-color-2018.jpg', 2300000, 1800000, 100, 1, N'CA204');

insert into productsizes values('PR400',38);
insert into productsizes values('PR400',39);
insert into productsizes values('PR400',40);
insert into productsizes values('PR400',41);
insert into productsizes values('PR401',38);
insert into productsizes values('PR401',39);
insert into productsizes values('PR401',40);
insert into productsizes values('PR401',41);
insert into productsizes values('PR402',38);
insert into productsizes values('PR402',39);
insert into productsizes values('PR402',40);
insert into productsizes values('PR402',41);
insert into productsizes values('PR403',38);
insert into productsizes values('PR403',39);
insert into productsizes values('PR403',40);
insert into productsizes values('PR403',41);
insert into productsizes values('PR404',38);
insert into productsizes values('PR404',39);
insert into productsizes values('PR404',40);
insert into productsizes values('PR404',41);
insert into productsizes values('PR405',38);
insert into productsizes values('PR405',39);
insert into productsizes values('PR405',40);
insert into productsizes values('PR405',41);
insert into productsizes values('PR406',38);
insert into productsizes values('PR406',39);
insert into productsizes values('PR406',40);
insert into productsizes values('PR406',41);
insert into productsizes values('PR407',38);
insert into productsizes values('PR407',39);
insert into productsizes values('PR407',40);
insert into productsizes values('PR407',41);
insert into productsizes values('PR408',38);
insert into productsizes values('PR408',39);
insert into productsizes values('PR408',40);
insert into productsizes values('PR409',41);
insert into productsizes values('PR410',38);
insert into productsizes values('PR410',39);
insert into productsizes values('PR410',40);
insert into productsizes values('PR410',41);
insert into productsizes values('PR411',38);
insert into productsizes values('PR411',39);
insert into productsizes values('PR411',40);
insert into productsizes values('PR411',41);
insert into productsizes values('PR412',38);
insert into productsizes values('PR412',39);
insert into productsizes values('PR412',40);
insert into productsizes values('PR412',41);
insert into productsizes values('PR413',38);
insert into productsizes values('PR413',39);
insert into productsizes values('PR413',40);
insert into productsizes values('PR413',41);
insert into productsizes values('PR414',38);
insert into productsizes values('PR414',39);
insert into productsizes values('PR414',40);
insert into productsizes values('PR414',41);
insert into productsizes values('PR415',38);
insert into productsizes values('PR415',39);
insert into productsizes values('PR415',40);
insert into productsizes values('PR415',41);
insert into productsizes values('PR416',38);
insert into productsizes values('PR416',39);
insert into productsizes values('PR416',40);
insert into productsizes values('PR416',41);
insert into productsizes values('PR417',38);
insert into productsizes values('PR417',39);
insert into productsizes values('PR417',40);
insert into productsizes values('PR417',41);
insert into productsizes values('PR418',38);
insert into productsizes values('PR418',39);
insert into productsizes values('PR418',40);
insert into productsizes values('PR418',41);
insert into productsizes values('PR419',38);
insert into productsizes values('PR419',39);
insert into productsizes values('PR419',40);
insert into productsizes values('PR419',41);
insert into productsizes values('PR420',38);
insert into productsizes values('PR420',39);
insert into productsizes values('PR420',40);
insert into productsizes values('PR420',41);
insert into productsizes values('PR421',38);
insert into productsizes values('PR421',39);
insert into productsizes values('PR421',40);
insert into productsizes values('PR421',41);
insert into productsizes values('PR422',38);
insert into productsizes values('PR422',39);
insert into productsizes values('PR422',40);
insert into productsizes values('PR422',41);
insert into productsizes values('PR423',38);
insert into productsizes values('PR423',39);
insert into productsizes values('PR423',40);
insert into productsizes values('PR423',41);
insert into productsizes values('PR424',38);
insert into productsizes values('PR424',39);
insert into productsizes values('PR424',40);
insert into productsizes values('PR424',41);
insert into productsizes values('PR425',38);
insert into productsizes values('PR425',39);
insert into productsizes values('PR425',40);
insert into productsizes values('PR425',41);
insert into productsizes values('PR426',38);
insert into productsizes values('PR426',39);
insert into productsizes values('PR426',40);
insert into productsizes values('PR426',41);
insert into productsizes values('PR427',38);
insert into productsizes values('PR427',39);
insert into productsizes values('PR427',40);
insert into productsizes values('PR427',41);
insert into productsizes values('PR428',38);
insert into productsizes values('PR428',39);
insert into productsizes values('PR428',40);
insert into productsizes values('PR428',41);
insert into productsizes values('PR429',38);
insert into productsizes values('PR429',39);
insert into productsizes values('PR429',40);
insert into productsizes values('PR429',41);
insert into productsizes values('PR430',38);
insert into productsizes values('PR430',39);
insert into productsizes values('PR430',40);
insert into productsizes values('PR430',41);
insert into productsizes values('PR431',38);
insert into productsizes values('PR431',39);
insert into productsizes values('PR431',40);
insert into productsizes values('PR431',41);
insert into productsizes values('PR432',38);
insert into productsizes values('PR432',39);
insert into productsizes values('PR432',40);
insert into productsizes values('PR432',41);
insert into productsizes values('PR433',38);
insert into productsizes values('PR433',39);
insert into productsizes values('PR433',40);
insert into productsizes values('PR433',41);
insert into productsizes values('PR434',38);
insert into productsizes values('PR434',39);
insert into productsizes values('PR434',40);
insert into productsizes values('PR434',41);
insert into productsizes values('PR435',38);
insert into productsizes values('PR435',39);
insert into productsizes values('PR435',40);
insert into productsizes values('PR435',41);
insert into productsizes values('PR436',38);
insert into productsizes values('PR436',39);
insert into productsizes values('PR436',40);
insert into productsizes values('PR436',41);
insert into productsizes values('PR437',38);
insert into productsizes values('PR437',39);
insert into productsizes values('PR437',40);
insert into productsizes values('PR437',41);
insert into productsizes values('PR438',38);
insert into productsizes values('PR438',39);
insert into productsizes values('PR438',40);
insert into productsizes values('PR438',41);
insert into productsizes values('PR439',38);
insert into productsizes values('PR439',39);
insert into productsizes values('PR439',40);
insert into productsizes values('PR439',41);
insert into productsizes values('PR440',38);
insert into productsizes values('PR440',39);
insert into productsizes values('PR440',40);
insert into productsizes values('PR440',41);
insert into productsizes values('PR441',38);
insert into productsizes values('PR441',39);
insert into productsizes values('PR441',40);
insert into productsizes values('PR441',41);
insert into productsizes values('PR442',38);
insert into productsizes values('PR442',39);
insert into productsizes values('PR442',40);
insert into productsizes values('PR442',41);
insert into productsizes values('PR443',38);
insert into productsizes values('PR443',39);
insert into productsizes values('PR443',40);
insert into productsizes values('PR443',41);
insert into productsizes values('PR444',38);
insert into productsizes values('PR444',39);
insert into productsizes values('PR444',40);
insert into productsizes values('PR444',41);
insert into productsizes values('PR445',38);
insert into productsizes values('PR445',39);
insert into productsizes values('PR445',40);
insert into productsizes values('PR445',41);
insert into productsizes values('PR446',38);
insert into productsizes values('PR446',39);
insert into productsizes values('PR446',40);
insert into productsizes values('PR446',41);
insert into productsizes values('PR447',38);
insert into productsizes values('PR447',39);
insert into productsizes values('PR447',40);
insert into productsizes values('PR447',41);
insert into productsizes values('PR448',38);
insert into productsizes values('PR448',39);
insert into productsizes values('PR448',40);
insert into productsizes values('PR448',41);
insert into productsizes values('PR449',38);
insert into productsizes values('PR449',39);
insert into productsizes values('PR449',40);
insert into productsizes values('PR449',41);
insert into productsizes values('PR450',38);
insert into productsizes values('PR450',39);
insert into productsizes values('PR450',40);
insert into productsizes values('PR450',41);
insert into productsizes values('PR451',38);
insert into productsizes values('PR451',39);
insert into productsizes values('PR451',40);
insert into productsizes values('PR451',41);
insert into productsizes values('PR452',38);
insert into productsizes values('PR452',39);
insert into productsizes values('PR452',40);
insert into productsizes values('PR452',41);
insert into productsizes values('PR453',38);
insert into productsizes values('PR453',39);
insert into productsizes values('PR453',40);
insert into productsizes values('PR453',41);
insert into productsizes values('PR454',38);
insert into productsizes values('PR454',39);
insert into productsizes values('PR454',40);
insert into productsizes values('PR454',41);
insert into productsizes values('PR455',38);
insert into productsizes values('PR455',39);
insert into productsizes values('PR455',40);
insert into productsizes values('PR455',41);
insert into productsizes values('PR456',38);
insert into productsizes values('PR456',39);
insert into productsizes values('PR456',40);
insert into productsizes values('PR456',41);
insert into productsizes values('PR457',38);
insert into productsizes values('PR457',39);
insert into productsizes values('PR457',40);
insert into productsizes values('PR457',41);
insert into productsizes values('PR458',38);
insert into productsizes values('PR458',39);
insert into productsizes values('PR458',40);
insert into productsizes values('PR458',41);
insert into productsizes values('PR459',38);
insert into productsizes values('PR459',39);
insert into productsizes values('PR459',40);
insert into productsizes values('PR459',41);
insert into productsizes values('PR460',38);
insert into productsizes values('PR460',39);
insert into productsizes values('PR460',40);
insert into productsizes values('PR460',41);
insert into productsizes values('PR461',38);
insert into productsizes values('PR461',39);
insert into productsizes values('PR461',40);
insert into productsizes values('PR461',41);
insert into productsizes values('PR462',38);
insert into productsizes values('PR462',39);
insert into productsizes values('PR462',40);
insert into productsizes values('PR462',41);
insert into productsizes values('PR463',38);
insert into productsizes values('PR463',39);
insert into productsizes values('PR463',40);
insert into productsizes values('PR463',41);
insert into productsizes values('PR464',38);
insert into productsizes values('PR464',39);
insert into productsizes values('PR464',40);
insert into productsizes values('PR464',41);
insert into productsizes values('PR465',38);
insert into productsizes values('PR465',39);
insert into productsizes values('PR465',40);
insert into productsizes values('PR465',41);
insert into productsizes values('PR466',38);
insert into productsizes values('PR466',39);
insert into productsizes values('PR466',40);
insert into productsizes values('PR466',41);
insert into productsizes values('PR467',38);
insert into productsizes values('PR467',39);
insert into productsizes values('PR467',40);
insert into productsizes values('PR467',41);
insert into productsizes values('PR468',38);
insert into productsizes values('PR468',39);
insert into productsizes values('PR468',40);
insert into productsizes values('PR468',41);
insert into productsizes values('PR469',38);
insert into productsizes values('PR469',39);
insert into productsizes values('PR469',40);
insert into productsizes values('PR469',41);
insert into productsizes values('PR470',38);
insert into productsizes values('PR470',39);
insert into productsizes values('PR470',40);
insert into productsizes values('PR470',41);
insert into productsizes values('PR471',38);
insert into productsizes values('PR471',39);
insert into productsizes values('PR471',40);
insert into productsizes values('PR471',41);
insert into productsizes values('PR472',38);
insert into productsizes values('PR472',39);
insert into productsizes values('PR472',40);
insert into productsizes values('PR472',41);
insert into productsizes values('PR473',38);
insert into productsizes values('PR473',39);
insert into productsizes values('PR473',40);
insert into productsizes values('PR473',41);
insert into productsizes values('PR474',38);
insert into productsizes values('PR474',39);
insert into productsizes values('PR474',40);
insert into productsizes values('PR474',41);
insert into productsizes values('PR475',38);
insert into productsizes values('PR475',39);
insert into productsizes values('PR475',40);
insert into productsizes values('PR475',41);
insert into productsizes values('PR476',38);
insert into productsizes values('PR476',39);
insert into productsizes values('PR476',40);
insert into productsizes values('PR476',41);
insert into productsizes values('PR477',38);
insert into productsizes values('PR477',39);
insert into productsizes values('PR477',40);
insert into productsizes values('PR477',41);
insert into productsizes values('PR478',38);
insert into productsizes values('PR478',39);
insert into productsizes values('PR478',40);
insert into productsizes values('PR478',41);
insert into productsizes values('PR479',38);
insert into productsizes values('PR479',39);
insert into productsizes values('PR479',40);
insert into productsizes values('PR479',41);
insert into productsizes values('PR480',38);
insert into productsizes values('PR480',39);
insert into productsizes values('PR480',40);
insert into productsizes values('PR480',41);
insert into productsizes values('PR481',38);
insert into productsizes values('PR481',39);
insert into productsizes values('PR481',40);
insert into productsizes values('PR481',41);
insert into productsizes values('PR482',38);
insert into productsizes values('PR482',39);
insert into productsizes values('PR482',40);
insert into productsizes values('PR482',41);
insert into productsizes values('PR483',38);
insert into productsizes values('PR483',39);
insert into productsizes values('PR483',40);
insert into productsizes values('PR483',41);
insert into productsizes values('PR484',38);
insert into productsizes values('PR484',39);
insert into productsizes values('PR484',40);
insert into productsizes values('PR484',41);
insert into productsizes values('PR485',38);
insert into productsizes values('PR485',39);
insert into productsizes values('PR485',40);
insert into productsizes values('PR485',41);
insert into productsizes values('PR486',38);
insert into productsizes values('PR486',39);
insert into productsizes values('PR486',40);
insert into productsizes values('PR486',41);
insert into productsizes values('PR487',38);
insert into productsizes values('PR487',39);
insert into productsizes values('PR487',40);
insert into productsizes values('PR487',41);
insert into productsizes values('PR488',38);
insert into productsizes values('PR488',39);
insert into productsizes values('PR488',40);
insert into productsizes values('PR488',41);
insert into productsizes values('PR489',38);
insert into productsizes values('PR489',39);
insert into productsizes values('PR489',40);
insert into productsizes values('PR489',41);
insert into productsizes values('PR490',38);
insert into productsizes values('PR490',39);
insert into productsizes values('PR490',40);
insert into productsizes values('PR490',41);
insert into productsizes values('PR491',38);
insert into productsizes values('PR491',39);
insert into productsizes values('PR491',40);
insert into productsizes values('PR491',41);
insert into productsizes values('PR492',38);
insert into productsizes values('PR492',39);
insert into productsizes values('PR492',40);
insert into productsizes values('PR492',41);
insert into productsizes values('PR493',38);
insert into productsizes values('PR493',39);
insert into productsizes values('PR493',40);
insert into productsizes values('PR493',41);
insert into productsizes values('PR494',38);
insert into productsizes values('PR494',39);
insert into productsizes values('PR494',40);
insert into productsizes values('PR494',41);
insert into productsizes values('PR495',38);
insert into productsizes values('PR495',39);
insert into productsizes values('PR495',40);
insert into productsizes values('PR495',41);
insert into productsizes values('PR496',38);
insert into productsizes values('PR496',39);
insert into productsizes values('PR496',40);
insert into productsizes values('PR496',41);
insert into productsizes values('PR497',38);
insert into productsizes values('PR497',39);
insert into productsizes values('PR497',40);
insert into productsizes values('PR497',41);
insert into productsizes values('PR498',38);
insert into productsizes values('PR498',39);
insert into productsizes values('PR498',40);
insert into productsizes values('PR498',41);
insert into productsizes values('PR499',38);
insert into productsizes values('PR499',39);
insert into productsizes values('PR499',40);
insert into productsizes values('PR499',41);

insert into productsizes values('PR500',38);
insert into productsizes values('PR500',39);
insert into productsizes values('PR500',40);
insert into productsizes values('PR500',41);
insert into productsizes values('PR501',38);
insert into productsizes values('PR501',39);
insert into productsizes values('PR501',40);
insert into productsizes values('PR501',41);
insert into productsizes values('PR502',38);
insert into productsizes values('PR502',39);
insert into productsizes values('PR502',40);
insert into productsizes values('PR502',41);
insert into productsizes values('PR503',38);
insert into productsizes values('PR503',39);
insert into productsizes values('PR503',40);
insert into productsizes values('PR503',41);
insert into productsizes values('PR504',38);
insert into productsizes values('PR504',39);
insert into productsizes values('PR504',40);
insert into productsizes values('PR504',41);
insert into productsizes values('PR505',38);
insert into productsizes values('PR505',39);
insert into productsizes values('PR505',40);
insert into productsizes values('PR505',41);
insert into productsizes values('PR506',38);
insert into productsizes values('PR506',39);
insert into productsizes values('PR506',40);
insert into productsizes values('PR506',41);
insert into productsizes values('PR507',38);
insert into productsizes values('PR507',39);
insert into productsizes values('PR507',40);
insert into productsizes values('PR507',41);
insert into productsizes values('PR508',38);
insert into productsizes values('PR508',39);
insert into productsizes values('PR508',40);
insert into productsizes values('PR509',41);
insert into productsizes values('PR510',38);
insert into productsizes values('PR510',39);
insert into productsizes values('PR510',40);
insert into productsizes values('PR510',41);
insert into productsizes values('PR511',38);
insert into productsizes values('PR511',39);
insert into productsizes values('PR511',40);
insert into productsizes values('PR511',41);
insert into productsizes values('PR512',38);
insert into productsizes values('PR512',39);
insert into productsizes values('PR512',40);
insert into productsizes values('PR512',41);
insert into productsizes values('PR513',38);
insert into productsizes values('PR513',39);
insert into productsizes values('PR513',40);
insert into productsizes values('PR513',41);
insert into productsizes values('PR514',38);
insert into productsizes values('PR514',39);
insert into productsizes values('PR514',40);
insert into productsizes values('PR514',41);
insert into productsizes values('PR515',38);
insert into productsizes values('PR515',39);
insert into productsizes values('PR515',40);
insert into productsizes values('PR515',41);
insert into productsizes values('PR516',38);
insert into productsizes values('PR516',39);
insert into productsizes values('PR516',40);
insert into productsizes values('PR516',41);
insert into productsizes values('PR517',38);
insert into productsizes values('PR517',39);
insert into productsizes values('PR517',40);
insert into productsizes values('PR517',41);
insert into productsizes values('PR518',38);
insert into productsizes values('PR518',39);
insert into productsizes values('PR518',40);
insert into productsizes values('PR518',41);
insert into productsizes values('PR519',38);
insert into productsizes values('PR519',39);
insert into productsizes values('PR519',40);
insert into productsizes values('PR519',41);
insert into productsizes values('PR520',38);
insert into productsizes values('PR520',39);
insert into productsizes values('PR520',40);
insert into productsizes values('PR520',41);
insert into productsizes values('PR521',38);
insert into productsizes values('PR521',39);
insert into productsizes values('PR521',40);
insert into productsizes values('PR521',41);
insert into productsizes values('PR522',38);
insert into productsizes values('PR522',39);
insert into productsizes values('PR522',40);
insert into productsizes values('PR522',41);
insert into productsizes values('PR523',38);
insert into productsizes values('PR523',39);
insert into productsizes values('PR523',40);
insert into productsizes values('PR523',41);
insert into productsizes values('PR524',38);
insert into productsizes values('PR524',39);
insert into productsizes values('PR524',40);
insert into productsizes values('PR524',41);


insert into productsizes values('PR550',38);
insert into productsizes values('PR550',39);
insert into productsizes values('PR550',40);
insert into productsizes values('PR550',41);
insert into productsizes values('PR551',38);
insert into productsizes values('PR551',39);
insert into productsizes values('PR551',40);
insert into productsizes values('PR551',41);
insert into productsizes values('PR552',38);
insert into productsizes values('PR552',39);
insert into productsizes values('PR552',40);
insert into productsizes values('PR552',41);
insert into productsizes values('PR553',38);
insert into productsizes values('PR553',39);
insert into productsizes values('PR553',40);
insert into productsizes values('PR553',41);
insert into productsizes values('PR554',38);
insert into productsizes values('PR554',39);
insert into productsizes values('PR554',40);
insert into productsizes values('PR554',41);
insert into productsizes values('PR555',38);
insert into productsizes values('PR555',39);
insert into productsizes values('PR555',40);
insert into productsizes values('PR555',41);
insert into productsizes values('PR556',38);
insert into productsizes values('PR556',39);
insert into productsizes values('PR556',40);
insert into productsizes values('PR556',41);
insert into productsizes values('PR557',38);
insert into productsizes values('PR557',39);
insert into productsizes values('PR557',40);
insert into productsizes values('PR557',41);
insert into productsizes values('PR558',38);
insert into productsizes values('PR558',39);
insert into productsizes values('PR558',40);
insert into productsizes values('PR558',41);
insert into productsizes values('PR559',38);
insert into productsizes values('PR559',39);
insert into productsizes values('PR559',40);
insert into productsizes values('PR559',41);
insert into productsizes values('PR560',38);
insert into productsizes values('PR560',39);
insert into productsizes values('PR560',40);
insert into productsizes values('PR560',41);
insert into productsizes values('PR561',38);
insert into productsizes values('PR561',39);
insert into productsizes values('PR561',40);
insert into productsizes values('PR561',41);
insert into productsizes values('PR562',38);
insert into productsizes values('PR562',39);
insert into productsizes values('PR562',40);
insert into productsizes values('PR562',41);
insert into productsizes values('PR563',38);
insert into productsizes values('PR563',39);
insert into productsizes values('PR563',40);
insert into productsizes values('PR563',41);
insert into productsizes values('PR564',38);
insert into productsizes values('PR564',39);
insert into productsizes values('PR564',40);
insert into productsizes values('PR564',41);
insert into productsizes values('PR565',38);


insert into productsizes values('PR600',38);
insert into productsizes values('PR600',39);
insert into productsizes values('PR600',40);
insert into productsizes values('PR600',41);
insert into productsizes values('PR601',38);
insert into productsizes values('PR601',39);
insert into productsizes values('PR601',40);
insert into productsizes values('PR601',41);
insert into productsizes values('PR602',38);
insert into productsizes values('PR602',39);
insert into productsizes values('PR602',40);
insert into productsizes values('PR602',41);
insert into productsizes values('PR603',38);
insert into productsizes values('PR603',39);
insert into productsizes values('PR603',40);
insert into productsizes values('PR603',41);
insert into productsizes values('PR604',38);
insert into productsizes values('PR604',39);
insert into productsizes values('PR604',40);
insert into productsizes values('PR604',41);
insert into productsizes values('PR605',38);
insert into productsizes values('PR605',39);
insert into productsizes values('PR605',40);
insert into productsizes values('PR605',41);
insert into productsizes values('PR606',38);
insert into productsizes values('PR606',39);
insert into productsizes values('PR606',40);
insert into productsizes values('PR606',41);
insert into productsizes values('PR607',38);
insert into productsizes values('PR607',39);
insert into productsizes values('PR607',40);
insert into productsizes values('PR607',41);
insert into productsizes values('PR608',38);
insert into productsizes values('PR608',39);
insert into productsizes values('PR608',40);
insert into productsizes values('PR609',41);
insert into productsizes values('PR610',38);
insert into productsizes values('PR610',39);
insert into productsizes values('PR610',40);
insert into productsizes values('PR610',41);
insert into productsizes values('PR611',38);
insert into productsizes values('PR611',39);
insert into productsizes values('PR611',40);
insert into productsizes values('PR611',41);
insert into productsizes values('PR612',38);
insert into productsizes values('PR612',39);
insert into productsizes values('PR612',40);
insert into productsizes values('PR612',41);



insert into productsizes values('PR650',38);
insert into productsizes values('PR650',39);
insert into productsizes values('PR650',40);
insert into productsizes values('PR650',41);
insert into productsizes values('PR651',38);
insert into productsizes values('PR651',39);
insert into productsizes values('PR651',40);
insert into productsizes values('PR651',41);
insert into productsizes values('PR652',38);
insert into productsizes values('PR652',39);
insert into productsizes values('PR652',40);
insert into productsizes values('PR652',41);
insert into productsizes values('PR653',38);
insert into productsizes values('PR653',39);
insert into productsizes values('PR653',40);
insert into productsizes values('PR653',41);
insert into productsizes values('PR654',38);
insert into productsizes values('PR654',39);
insert into productsizes values('PR654',40);
insert into productsizes values('PR654',41);
insert into productsizes values('PR655',38);
insert into productsizes values('PR655',39);
insert into productsizes values('PR655',40);
insert into productsizes values('PR655',41);
insert into productsizes values('PR656',38);
insert into productsizes values('PR656',39);
insert into productsizes values('PR656',40);
insert into productsizes values('PR656',41);
insert into productsizes values('PR657',38);
insert into productsizes values('PR657',39);
insert into productsizes values('PR657',40);
insert into productsizes values('PR657',41);
insert into productsizes values('PR658',38);
insert into productsizes values('PR658',39);
insert into productsizes values('PR658',40);
insert into productsizes values('PR658',41);
insert into productsizes values('PR659',38);
insert into productsizes values('PR659',39);
insert into productsizes values('PR659',40);
insert into productsizes values('PR659',41);
insert into productsizes values('PR660',38);
insert into productsizes values('PR660',39);
insert into productsizes values('PR660',40);
insert into productsizes values('PR660',41);
insert into productsizes values('PR661',38);
insert into productsizes values('PR661',39);
insert into productsizes values('PR661',40);
insert into productsizes values('PR661',41);
insert into productsizes values('PR662',38);
insert into productsizes values('PR662',39);
insert into productsizes values('PR662',40);
insert into productsizes values('PR662',41);
insert into productsizes values('PR663',38);
insert into productsizes values('PR663',39);
insert into productsizes values('PR663',40);
insert into productsizes values('PR663',41);
insert into productsizes values('PR664',38);
insert into productsizes values('PR664',39);
insert into productsizes values('PR664',40);
insert into productsizes values('PR664',41);
insert into productsizes values('PR665',38);
insert into productsizes values('PR665',39);
insert into productsizes values('PR665',40);
insert into productsizes values('PR665',41);
insert into productsizes values('PR666',38);
insert into productsizes values('PR666',39);
insert into productsizes values('PR666',40);
insert into productsizes values('PR666',41);



insert into productsizes values('PR700',38);
insert into productsizes values('PR700',39);
insert into productsizes values('PR700',40);
insert into productsizes values('PR700',41);
insert into productsizes values('PR701',38);
insert into productsizes values('PR701',39);
insert into productsizes values('PR701',40);
insert into productsizes values('PR701',41);
insert into productsizes values('PR702',38);
insert into productsizes values('PR702',39);
insert into productsizes values('PR702',40);
insert into productsizes values('PR702',41);
insert into productsizes values('PR703',38);
insert into productsizes values('PR703',39);
insert into productsizes values('PR703',40);
insert into productsizes values('PR703',41);
insert into productsizes values('PR704',38);
insert into productsizes values('PR704',39);
insert into productsizes values('PR704',40);
insert into productsizes values('PR704',41);
insert into productsizes values('PR705',38);
insert into productsizes values('PR705',39);
insert into productsizes values('PR705',40);
insert into productsizes values('PR705',41);
insert into productsizes values('PR706',38);
insert into productsizes values('PR706',39);
insert into productsizes values('PR706',40);
insert into productsizes values('PR706',41);
insert into productsizes values('PR707',38);
insert into productsizes values('PR707',39);
insert into productsizes values('PR707',40);
insert into productsizes values('PR707',41);
insert into productsizes values('PR708',38);
insert into productsizes values('PR708',39);
insert into productsizes values('PR708',40);
insert into productsizes values('PR709',41);
insert into productsizes values('PR710',38);
insert into productsizes values('PR710',39);
insert into productsizes values('PR710',40);
insert into productsizes values('PR710',41);
insert into productsizes values('PR711',38);
insert into productsizes values('PR711',39);
insert into productsizes values('PR711',40);
insert into productsizes values('PR711',41);
insert into productsizes values('PR712',38);
insert into productsizes values('PR712',39);
insert into productsizes values('PR712',40);
insert into productsizes values('PR712',41);
insert into productsizes values('PR713',38);
insert into productsizes values('PR713',39);
insert into productsizes values('PR713',40);
insert into productsizes values('PR713',41);
insert into productsizes values('PR714',38);
insert into productsizes values('PR714',39);
insert into productsizes values('PR714',40);
insert into productsizes values('PR714',41);
insert into productsizes values('PR715',38);
insert into productsizes values('PR715',39);
insert into productsizes values('PR715',40);
insert into productsizes values('PR715',41);
insert into productsizes values('PR716',38);
insert into productsizes values('PR716',39);
insert into productsizes values('PR716',40);
insert into productsizes values('PR716',41);
insert into productsizes values('PR717',38);
insert into productsizes values('PR717',39);
insert into productsizes values('PR717',40);
insert into productsizes values('PR717',41);
insert into productsizes values('PR718',38);
insert into productsizes values('PR718',39);
insert into productsizes values('PR718',40);
insert into productsizes values('PR718',41);
insert into productsizes values('PR719',38);
insert into productsizes values('PR719',39);
insert into productsizes values('PR719',40);
insert into productsizes values('PR719',41);
insert into productsizes values('PR720',38);
insert into productsizes values('PR720',39);
insert into productsizes values('PR720',40);
insert into productsizes values('PR720',41);
insert into productsizes values('PR721',38);
insert into productsizes values('PR721',39);
insert into productsizes values('PR721',40);
insert into productsizes values('PR721',41);
insert into productsizes values('PR722',38);
insert into productsizes values('PR722',39);
insert into productsizes values('PR722',40);
insert into productsizes values('PR722',41);
insert into productsizes values('PR723',38);
insert into productsizes values('PR723',39);
insert into productsizes values('PR723',40);
insert into productsizes values('PR723',41);
insert into productsizes values('PR724',38);
insert into productsizes values('PR724',39);
insert into productsizes values('PR724',40);
insert into productsizes values('PR724',41);
insert into productsizes values('PR725',38);
insert into productsizes values('PR725',39);
insert into productsizes values('PR725',40);
insert into productsizes values('PR725',41);
insert into productsizes values('PR726',38);
insert into productsizes values('PR726',39);
insert into productsizes values('PR726',40);
insert into productsizes values('PR726',41);
insert into productsizes values('PR727',38);
insert into productsizes values('PR727',39);
insert into productsizes values('PR727',40);
insert into productsizes values('PR727',41);
insert into productsizes values('PR728',38);
insert into productsizes values('PR728',39);
insert into productsizes values('PR728',40);
insert into productsizes values('PR728',41);
insert into productsizes values('PR729',38);
insert into productsizes values('PR729',39);
insert into productsizes values('PR729',40);
insert into productsizes values('PR729',41);
insert into productsizes values('PR730',38);
insert into productsizes values('PR730',39);
insert into productsizes values('PR730',40);
insert into productsizes values('PR730',41);
insert into productsizes values('PR731',38);
insert into productsizes values('PR731',39);
insert into productsizes values('PR731',40);
insert into productsizes values('PR731',41);
insert into productsizes values('PR732',38);
insert into productsizes values('PR732',39);
insert into productsizes values('PR732',40);
insert into productsizes values('PR732',41);
insert into productsizes values('PR733',38);
insert into productsizes values('PR733',39);
insert into productsizes values('PR733',40);
insert into productsizes values('PR733',41);
insert into productsizes values('PR734',38);
insert into productsizes values('PR734',39);
insert into productsizes values('PR734',40);
insert into productsizes values('PR734',41);
insert into productsizes values('PR735',38);
insert into productsizes values('PR735',39);
insert into productsizes values('PR735',40);
insert into productsizes values('PR735',41);
insert into productsizes values('PR736',38);
insert into productsizes values('PR736',39);
insert into productsizes values('PR736',40);
insert into productsizes values('PR736',41);
insert into productsizes values('PR737',38);
insert into productsizes values('PR737',39);
insert into productsizes values('PR737',40);
insert into productsizes values('PR737',41);
insert into productsizes values('PR738',38);
insert into productsizes values('PR738',39);
insert into productsizes values('PR738',40);
insert into productsizes values('PR738',41);
insert into productsizes values('PR739',38);
insert into productsizes values('PR739',39);
insert into productsizes values('PR739',40);
insert into productsizes values('PR739',41);
insert into productsizes values('PR740',38);
insert into productsizes values('PR740',39);
insert into productsizes values('PR740',40);
insert into productsizes values('PR740',41);
insert into productsizes values('PR741',38);
insert into productsizes values('PR741',39);
insert into productsizes values('PR741',40);
insert into productsizes values('PR741',41);
insert into productsizes values('PR742',38);
insert into productsizes values('PR742',39);
insert into productsizes values('PR742',40);
insert into productsizes values('PR742',41);
insert into productsizes values('PR743',38);
insert into productsizes values('PR743',39);
insert into productsizes values('PR743',40);
insert into productsizes values('PR743',41);
insert into productsizes values('PR744',38);
insert into productsizes values('PR744',39);
insert into productsizes values('PR744',40);
insert into productsizes values('PR744',41);
insert into productsizes values('PR745',38);
insert into productsizes values('PR745',39);
insert into productsizes values('PR745',40);
insert into productsizes values('PR745',41);
insert into productsizes values('PR746',38);
insert into productsizes values('PR746',39);
insert into productsizes values('PR746',40);
insert into productsizes values('PR746',41);
insert into productsizes values('PR747',38);
insert into productsizes values('PR747',39);
insert into productsizes values('PR747',40);
insert into productsizes values('PR747',41);
insert into productsizes values('PR748',38);
insert into productsizes values('PR748',39);
insert into productsizes values('PR748',40);
insert into productsizes values('PR748',41);
insert into productsizes values('PR749',38);
insert into productsizes values('PR749',39);
insert into productsizes values('PR749',40);
insert into productsizes values('PR749',41);
insert into productsizes values('PR750',38);
insert into productsizes values('PR750',39);
insert into productsizes values('PR750',40);
insert into productsizes values('PR750',41);
insert into productsizes values('PR751',38);
insert into productsizes values('PR751',39);
insert into productsizes values('PR751',40);
insert into productsizes values('PR751',41);
insert into productsizes values('PR752',38);
insert into productsizes values('PR752',39);
insert into productsizes values('PR752',40);
insert into productsizes values('PR752',41);
insert into productsizes values('PR753',38);
insert into productsizes values('PR753',39);
insert into productsizes values('PR753',40);
insert into productsizes values('PR753',41);
insert into productsizes values('PR754',38);
insert into productsizes values('PR754',39);
insert into productsizes values('PR754',40);
insert into productsizes values('PR754',41);
insert into productsizes values('PR755',38);
insert into productsizes values('PR755',39);
insert into productsizes values('PR755',40);
insert into productsizes values('PR755',41);
insert into productsizes values('PR756',38);
insert into productsizes values('PR756',39);
insert into productsizes values('PR756',40);
insert into productsizes values('PR756',41);
insert into productsizes values('PR757',38);
insert into productsizes values('PR757',39);
insert into productsizes values('PR757',40);
insert into productsizes values('PR757',41);
insert into productsizes values('PR758',38);
insert into productsizes values('PR758',39);
insert into productsizes values('PR758',40);
insert into productsizes values('PR758',41);
insert into productsizes values('PR759',38);
insert into productsizes values('PR759',39);
insert into productsizes values('PR759',40);
insert into productsizes values('PR759',41);
insert into productsizes values('PR760',38);
insert into productsizes values('PR760',39);
insert into productsizes values('PR760',40);
insert into productsizes values('PR760',41);
insert into productsizes values('PR761',38);
insert into productsizes values('PR761',39);
insert into productsizes values('PR761',40);
insert into productsizes values('PR761',41);
insert into productsizes values('PR762',38);
insert into productsizes values('PR762',39);
insert into productsizes values('PR762',40);
insert into productsizes values('PR762',41);
insert into productsizes values('PR763',38);
insert into productsizes values('PR763',39);
insert into productsizes values('PR763',40);
insert into productsizes values('PR763',41);
insert into productsizes values('PR764',38);
insert into productsizes values('PR764',39);
insert into productsizes values('PR764',40);
insert into productsizes values('PR764',41);
insert into productsizes values('PR765',38);
insert into productsizes values('PR765',39);
insert into productsizes values('PR765',40);
insert into productsizes values('PR765',41);
insert into productsizes values('PR766',38);
insert into productsizes values('PR766',39);
insert into productsizes values('PR766',40);
insert into productsizes values('PR766',41);
insert into productsizes values('PR767',38);
insert into productsizes values('PR767',39);
insert into productsizes values('PR767',40);
insert into productsizes values('PR767',41);
insert into productsizes values('PR768',38);
insert into productsizes values('PR768',39);
insert into productsizes values('PR768',40);
insert into productsizes values('PR768',41);
insert into productsizes values('PR769',38);
insert into productsizes values('PR769',39);
insert into productsizes values('PR769',40);
insert into productsizes values('PR769',41);
insert into productsizes values('PR770',38);
insert into productsizes values('PR770',39);
insert into productsizes values('PR770',40);
insert into productsizes values('PR770',41);
insert into productsizes values('PR771',38);
insert into productsizes values('PR771',39);
insert into productsizes values('PR771',40);
insert into productsizes values('PR771',41);
insert into productsizes values('PR772',38);
insert into productsizes values('PR772',39);
insert into productsizes values('PR772',40);
insert into productsizes values('PR772',41);
insert into productsizes values('PR773',38);
insert into productsizes values('PR773',39);
insert into productsizes values('PR773',40);
insert into productsizes values('PR773',41);
insert into productsizes values('PR774',38);
insert into productsizes values('PR774',39);
insert into productsizes values('PR774',40);
insert into productsizes values('PR774',41);
insert into productsizes values('PR775',38);
insert into productsizes values('PR775',39);
insert into productsizes values('PR775',40);
insert into productsizes values('PR775',41);
insert into productsizes values('PR776',38);
insert into productsizes values('PR776',39);
insert into productsizes values('PR776',40);
insert into productsizes values('PR776',41);
insert into productsizes values('PR777',38);
insert into productsizes values('PR777',39);
insert into productsizes values('PR777',40);
insert into productsizes values('PR777',41);
insert into productsizes values('PR778',38);
insert into productsizes values('PR778',39);
insert into productsizes values('PR778',40);
insert into productsizes values('PR778',41);
insert into productsizes values('PR779',38);
insert into productsizes values('PR779',39);
insert into productsizes values('PR779',40);
insert into productsizes values('PR779',41);
insert into productsizes values('PR780',38);
insert into productsizes values('PR780',39);
insert into productsizes values('PR780',40);
insert into productsizes values('PR780',41);
insert into productsizes values('PR781',38);
insert into productsizes values('PR781',39);
insert into productsizes values('PR781',40);
insert into productsizes values('PR781',41);
insert into productsizes values('PR782',38);
insert into productsizes values('PR782',39);
insert into productsizes values('PR782',40);
insert into productsizes values('PR782',41);
insert into productsizes values('PR783',38);
insert into productsizes values('PR783',39);
insert into productsizes values('PR783',40);
insert into productsizes values('PR783',41);
insert into productsizes values('PR784',38);
insert into productsizes values('PR784',39);
insert into productsizes values('PR784',40);
insert into productsizes values('PR784',41);
insert into productsizes values('PR785',38);
insert into productsizes values('PR785',39);
insert into productsizes values('PR785',40);
insert into productsizes values('PR785',41);
insert into productsizes values('PR786',38);
insert into productsizes values('PR786',39);
insert into productsizes values('PR786',40);
insert into productsizes values('PR786',41);
insert into productsizes values('PR787',38);
insert into productsizes values('PR787',39);
insert into productsizes values('PR787',40);
insert into productsizes values('PR787',41);
insert into productsizes values('PR788',38);
insert into productsizes values('PR788',39);
insert into productsizes values('PR788',40);
insert into productsizes values('PR788',41);
insert into productsizes values('PR789',38);
insert into productsizes values('PR789',39);
insert into productsizes values('PR789',40);
insert into productsizes values('PR789',41);
insert into productsizes values('PR790',38);
insert into productsizes values('PR790',39);
insert into productsizes values('PR790',40);
insert into productsizes values('PR790',41);
insert into productsizes values('PR791',38);
insert into productsizes values('PR791',39);
insert into productsizes values('PR791',40);
insert into productsizes values('PR791',41);
insert into productsizes values('PR792',38);
insert into productsizes values('PR792',39);
insert into productsizes values('PR792',40);
insert into productsizes values('PR792',41);
insert into productsizes values('PR793',38);
insert into productsizes values('PR793',39);
insert into productsizes values('PR793',40);
insert into productsizes values('PR793',41);
insert into productsizes values('PR794',38);
insert into productsizes values('PR794',39);
insert into productsizes values('PR794',40);
insert into productsizes values('PR794',41);
insert into productsizes values('PR795',38);
insert into productsizes values('PR795',39);
insert into productsizes values('PR795',40);
insert into productsizes values('PR795',41);
insert into productsizes values('PR796',38);
insert into productsizes values('PR796',39);
insert into productsizes values('PR796',40);
insert into productsizes values('PR796',41);
insert into productsizes values('PR797',38);
insert into productsizes values('PR797',39);
insert into productsizes values('PR797',40);
insert into productsizes values('PR797',41);
insert into productsizes values('PR798',38);
insert into productsizes values('PR798',39);
insert into productsizes values('PR798',40);
insert into productsizes values('PR798',41);
insert into productsizes values('PR799',38);
insert into productsizes values('PR799',39);
insert into productsizes values('PR799',40);
insert into productsizes values('PR799',41);

insert into productsizes values('PR800',38);
insert into productsizes values('PR800',39);
insert into productsizes values('PR800',40);
insert into productsizes values('PR800',41);
insert into productsizes values('PR801',38);
insert into productsizes values('PR801',39);
insert into productsizes values('PR801',40);
insert into productsizes values('PR801',41);
insert into productsizes values('PR802',38);
insert into productsizes values('PR802',39);
insert into productsizes values('PR802',40);
insert into productsizes values('PR802',41);
insert into productsizes values('PR803',38);
insert into productsizes values('PR803',39);
insert into productsizes values('PR803',40);
insert into productsizes values('PR803',41);
insert into productsizes values('PR804',38);
insert into productsizes values('PR804',39);
insert into productsizes values('PR804',40);
insert into productsizes values('PR804',41);
insert into productsizes values('PR805',38);
insert into productsizes values('PR805',39);
insert into productsizes values('PR805',40);
insert into productsizes values('PR805',41);
insert into productsizes values('PR806',38);
insert into productsizes values('PR806',39);
insert into productsizes values('PR806',40);
insert into productsizes values('PR806',41);
insert into productsizes values('PR807',38);
insert into productsizes values('PR807',39);
insert into productsizes values('PR807',40);
insert into productsizes values('PR807',41);
insert into productsizes values('PR808',38);
insert into productsizes values('PR808',39);
insert into productsizes values('PR808',40);
insert into productsizes values('PR809',41);
insert into productsizes values('PR810',38);
insert into productsizes values('PR810',39);
insert into productsizes values('PR810',40);
insert into productsizes values('PR810',41);
insert into productsizes values('PR811',38);
insert into productsizes values('PR811',39);
insert into productsizes values('PR811',40);
insert into productsizes values('PR811',41);
insert into productsizes values('PR812',38);
insert into productsizes values('PR812',39);
insert into productsizes values('PR812',40);
insert into productsizes values('PR812',41);
insert into productsizes values('PR813',38);
insert into productsizes values('PR813',39);
insert into productsizes values('PR813',40);
insert into productsizes values('PR813',41);
